Sample,TMS,TDI,TDO,TRST,HALT
0,0,0,0,1,1
1,1,0,0,1,1
2,1,0,0,1,1
3,0,0,0,1,1
4,0,0,0,1,1
5,0,0,1,1,1
6,0,0,0,1,1
7,0,1,0,1,1
8,0,0,0,1,1
9,0,1,0,1,1
10,0,1,0,1,1
11,0,1,0,1,1
12,1,0,0,1,1
13,1,0,0,1,1
14,0,0,0,1,1
15,1,0,0,1,1
16,0,0,0,1,1
17,0,0,0,1,1
18,0,0,1,1,1
19,0,1,1,1,1
20,0,1,0,1,1
21,0,0,0,1,1
22,0,0,0,1,1
23,0,1,0,1,1
24,0,0,0,1,1
25,0,1,0,1,1
26,0,1,0,1,1
27,0,1,0,1,1
28,0,0,0,1,1
29,0,1,0,1,1
30,0,1,0,1,1
31,0,1,0,1,1
32,0,1,0,1,1
33,0,1,0,1,1
34,0,1,0,1,1
35,0,1,0,1,1
36,0,0,0,1,1
37,0,0,0,1,1
38,0,1,0,1,1
39,0,1,0,1,1
40,0,0,0,1,1
41,0,0,0,1,1
42,0,0,0,1,1
43,0,0,0,1,1
44,0,1,0,1,1
45,0,1,0,1,1
46,0,1,0,1,1
47,0,1,0,1,1
48,0,1,0,1,1
49,1,0,0,1,1
50,0,0,0,1,1
51,1,0,0,1,1
52,0,0,0,1,1
53,1,0,0,1,1
54,1,0,0,1,1
55,0,0,0,1,1
56,1,0,0,1,1
57,0,0,0,1,1
58,0,0,0,1,1
59,0,0,1,1,1
60,0,1,1,1,1
61,0,1,0,1,1
62,0,0,0,1,1
63,0,0,0,1,1
64,0,1,0,1,1
65,0,0,0,1,1
66,0,1,0,1,1
67,0,1,0,1,1
68,0,1,0,1,1
69,0,0,0,1,1
70,0,1,0,1,1
71,0,1,0,1,1
72,0,1,0,1,1
73,0,1,0,1,1
74,0,1,0,1,1
75,0,1,0,1,1
76,0,1,0,1,1
77,0,0,0,1,1
78,0,0,0,1,1
79,0,1,0,1,1
80,0,1,0,1,1
81,0,0,0,1,1
82,0,0,0,1,1
83,0,0,0,1,1
84,0,0,0,1,1
85,0,1,0,1,1
86,0,1,0,1,1
87,0,1,0,1,1
88,0,1,0,1,1
89,0,1,0,1,1
90,0,0,0,1,1
91,1,1,0,1,1
92,1,1,0,1,1
93,0,1,0,1,1
94,1,0,0,1,1
95,0,0,0,1,1
96,0,0,0,1,1
97,0,0,0,1,1
98,0,1,0,1,1
99,0,1,0,1,1
100,0,0,0,1,1
101,0,0,0,1,1
102,0,1,0,1,1
103,0,0,0,1,1
104,0,1,0,1,1
105,0,1,0,1,1
106,0,1,0,1,1
107,0,0,0,1,1
108,0,1,0,1,1
109,0,1,0,1,1
110,0,1,0,1,1
111,0,1,0,1,1
112,0,1,0,1,1
113,0,1,0,1,1
114,0,1,0,1,1
115,0,0,0,1,1
116,0,0,0,1,1
117,0,1,1,1,1
118,0,1,0,1,1
119,0,0,0,1,1
120,0,0,0,1,1
121,0,0,0,1,1
122,0,0,0,1,1
123,0,1,0,1,1
124,0,1,0,1,1
125,0,1,0,1,1
126,0,1,0,1,1
127,0,1,0,1,1
128,1,0,0,1,1
129,0,0,0,1,1
130,1,0,0,1,1
131,0,0,0,1,1
132,1,1,0,1,1
133,1,1,0,1,1
134,0,1,0,1,1
135,1,0,0,1,1
136,0,0,0,1,1
137,0,0,0,1,1
138,0,0,1,1,1
139,0,1,0,1,1
140,0,1,0,1,1
141,0,0,0,1,1
142,0,0,0,1,1
143,0,1,0,1,1
144,0,0,0,1,1
145,0,1,0,1,1
146,0,1,0,1,1
147,0,1,0,1,1
148,0,0,0,1,1
149,0,1,0,1,1
150,0,1,0,1,1
151,0,1,0,1,1
152,0,1,0,1,1
153,0,1,0,1,1
154,0,1,0,1,1
155,0,1,0,1,1
156,0,0,0,1,1
157,0,0,0,1,1
158,0,1,0,1,1
159,0,1,0,1,1
160,0,0,0,1,1
161,0,0,0,1,1
162,0,0,0,1,1
163,0,0,0,1,1
164,0,1,0,1,1
165,0,1,0,1,1
166,0,1,0,1,1
167,0,1,0,1,1
168,0,1,0,1,1
169,1,0,0,1,1
170,0,0,0,1,1
171,1,0,0,1,1
172,0,0,0,1,1
173,1,1,0,1,1
174,1,1,0,1,1
175,0,1,0,1,1
176,0,0,0,1,1
177,1,0,0,1,1
178,1,0,0,1,1
179,0,0,0,1,1
180,0,0,0,1,1
181,0,0,1,1,1
182,0,0,0,1,1
183,0,1,0,1,1
184,0,0,0,1,1
185,0,1,0,1,1
186,0,1,0,1,1
187,0,0,0,1,1
188,1,1,0,1,1
189,1,1,0,1,1
190,0,1,0,1,1
191,1,0,0,1,1
192,0,0,0,1,1
193,0,0,0,1,1
194,0,0,0,1,1
195,0,0,0,1,1
196,0,1,0,1,1
197,0,0,0,1,1
198,0,1,0,1,1
199,0,1,0,1,1
200,0,0,0,1,1
201,0,1,0,1,1
202,0,0,0,1,1
203,0,0,0,1,1
204,0,0,0,1,1
205,0,0,0,1,1
206,0,0,0,1,1
207,0,0,0,1,1
208,0,0,0,1,1
209,0,0,0,1,1
210,0,0,0,1,1
211,0,0,0,1,1
212,0,0,1,1,1
213,0,0,0,1,1
214,0,0,0,1,1
215,0,0,0,1,1
216,0,0,1,1,1
217,0,0,0,1,1
218,0,0,1,1,1
219,0,0,0,1,1
220,0,0,0,1,1
221,0,0,0,1,1
222,0,0,0,1,1
223,0,0,0,1,1
224,0,0,0,1,1
225,0,0,0,1,1
226,1,0,0,1,1
227,1,0,0,1,1
228,0,0,0,1,1
229,0,0,0,1,1
230,1,0,0,1,1
231,1,0,0,1,1
232,0,0,0,1,1
233,0,0,0,1,1
234,0,0,1,1,1
235,0,0,0,1,1
236,0,1,0,1,1
237,0,0,0,1,1
238,0,1,0,1,1
239,0,1,0,1,1
240,0,1,0,1,1
241,1,0,0,1,1
242,1,0,0,1,1
243,0,0,0,1,1
244,1,0,0,1,1
245,0,0,0,1,1
246,0,0,0,1,1
247,0,0,1,1,1
248,0,1,0,1,1
249,0,1,0,1,1
250,0,0,0,1,1
251,0,0,0,1,1
252,0,1,0,1,1
253,0,0,0,1,1
254,0,1,0,1,1
255,0,0,0,1,1
256,0,0,0,1,1
257,0,0,0,1,1
258,0,0,0,1,1
259,0,0,0,1,1
260,0,0,0,1,1
261,0,0,0,1,1
262,0,0,0,1,1
263,0,0,0,1,1
264,0,0,0,1,1
265,0,0,0,1,1
266,0,0,0,1,1
267,0,0,0,1,1
268,0,1,0,1,1
269,0,0,0,1,1
270,0,0,0,1,1
271,0,0,0,1,1
272,0,0,0,1,1
273,0,1,0,1,1
274,0,1,0,1,1
275,0,1,0,1,1
276,0,1,0,1,1
277,0,1,0,1,1
278,0,0,0,1,1
279,1,1,0,1,1
280,1,1,0,1,1
281,0,1,0,1,1
282,0,0,0,1,1
283,1,0,0,1,1
284,1,0,0,1,1
285,0,0,0,1,1
286,0,0,0,1,1
287,0,0,1,1,1
288,0,0,0,1,1
289,0,1,0,1,1
290,0,0,0,1,1
291,0,1,0,1,1
292,0,1,0,1,1
293,0,1,0,1,1
294,1,0,0,1,1
295,1,0,0,1,1
296,0,0,0,1,1
297,1,0,0,1,1
298,0,0,0,1,1
299,0,0,0,1,1
300,0,0,0,1,1
301,0,1,0,1,1
302,0,1,0,1,1
303,0,0,0,1,1
304,0,0,0,1,1
305,0,1,0,1,1
306,0,0,0,1,1
307,0,1,0,1,1
308,0,1,0,1,1
309,0,1,0,1,1
310,0,0,0,1,1
311,0,1,0,1,1
312,0,1,0,1,1
313,0,1,0,1,1
314,0,1,0,1,1
315,0,1,0,1,1
316,0,1,0,1,1
317,0,1,0,1,1
318,0,0,0,1,1
319,0,0,0,1,1
320,0,1,1,1,1
321,0,1,0,1,1
322,0,0,0,1,1
323,0,0,0,1,1
324,0,0,0,1,1
325,0,0,0,1,1
326,0,1,0,1,1
327,0,1,0,1,1
328,0,1,0,1,1
329,0,1,0,1,1
330,0,1,0,1,1
331,1,0,0,1,1
332,0,0,0,1,1
333,1,0,0,1,1
334,0,0,0,1,1
335,1,1,0,1,1
336,1,1,0,1,1
337,0,1,0,1,1
338,1,0,0,1,1
339,0,0,0,1,1
340,0,0,0,1,1
341,0,0,1,1,1
342,0,1,0,1,1
343,0,1,0,1,1
344,0,0,0,1,1
345,0,0,0,1,1
346,0,1,0,1,1
347,0,0,0,1,1
348,0,1,0,1,1
349,0,1,0,1,1
350,0,1,0,1,1
351,0,0,0,1,1
352,0,1,0,1,1
353,0,1,0,1,1
354,0,1,0,1,1
355,0,1,0,1,1
356,0,1,0,1,1
357,0,1,0,1,1
358,0,1,0,1,1
359,0,0,0,1,1
360,0,0,0,1,1
361,0,1,0,1,1
362,0,1,0,1,1
363,0,0,0,1,1
364,0,0,0,1,1
365,0,0,0,1,1
366,0,0,0,1,1
367,0,1,0,1,1
368,0,1,0,1,1
369,0,1,0,1,1
370,0,1,0,1,1
371,0,1,0,1,1
372,1,0,0,1,1
373,0,0,0,1,1
374,1,0,0,1,1
375,0,0,0,1,1
376,1,1,0,1,1
377,1,1,0,1,1
378,0,1,0,1,1
379,0,0,0,1,1
380,1,0,0,1,1
381,1,0,0,1,1
382,0,0,0,1,1
383,0,0,0,1,1
384,0,0,1,1,1
385,0,0,0,1,1
386,0,1,0,1,1
387,0,0,0,1,1
388,0,1,0,1,1
389,0,1,0,1,1
390,0,0,0,1,1
391,1,1,0,1,1
392,1,1,0,1,1
393,0,1,0,1,1
394,1,0,0,1,1
395,0,0,0,1,1
396,0,0,0,1,1
397,0,0,0,1,1
398,0,0,0,1,1
399,0,1,0,1,1
400,0,0,0,1,1
401,0,1,0,1,1
402,0,1,0,1,1
403,0,0,0,1,1
404,0,1,0,1,1
405,0,0,0,1,1
406,0,0,0,1,1
407,0,0,0,1,1
408,0,0,0,1,1
409,0,0,0,1,1
410,0,0,0,1,1
411,0,0,0,1,1
412,0,0,0,1,1
413,0,0,0,1,1
414,0,0,0,1,1
415,0,0,0,1,1
416,0,0,0,1,1
417,0,0,0,1,1
418,0,0,0,1,1
419,0,0,0,1,1
420,0,0,0,1,1
421,0,0,0,1,1
422,0,0,0,1,1
423,0,0,0,1,1
424,0,0,0,1,1
425,0,0,0,1,1
426,0,0,0,1,1
427,0,0,0,1,1
428,0,0,0,1,1
429,1,0,0,1,1
430,1,0,0,1,1
431,0,0,0,1,1
432,0,0,0,1,1
433,1,0,0,1,1
434,1,0,0,1,1
435,0,0,0,1,1
436,0,0,0,1,1
437,0,0,1,1,1
438,0,0,0,1,1
439,0,1,0,1,1
440,0,0,0,1,1
441,0,1,0,1,1
442,0,1,0,1,1
443,0,0,0,1,1
444,1,1,0,1,1
445,1,1,0,1,1
446,0,1,0,1,1
447,1,0,0,1,1
448,0,0,0,1,1
449,0,0,0,1,1
450,0,0,0,1,1
451,0,0,0,1,1
452,0,0,0,1,1
453,0,0,0,1,1
454,0,0,0,1,1
455,0,0,0,1,1
456,0,0,0,1,1
457,0,0,0,1,1
458,0,0,0,1,1
459,0,0,0,1,1
460,0,0,0,1,1
461,0,0,0,1,1
462,0,0,0,1,1
463,0,0,0,1,1
464,0,0,0,1,1
465,0,0,0,1,1
466,0,0,0,1,1
467,0,0,0,1,1
468,0,1,0,1,1
469,0,0,0,1,1
470,0,0,0,1,1
471,0,0,0,1,1
472,0,1,0,1,1
473,0,0,0,1,1
474,0,1,0,1,1
475,0,0,0,1,1
476,0,0,0,1,1
477,0,0,0,1,1
478,0,0,0,1,1
479,0,0,0,1,1
480,0,0,0,1,1
481,0,0,0,1,1
482,1,1,0,1,1
483,1,1,0,1,1
484,0,1,0,1,1
485,0,0,0,1,1
486,1,0,0,1,1
487,1,0,0,1,1
488,0,0,0,1,1
489,0,0,0,1,1
490,0,0,1,1,1
491,0,0,0,1,1
492,0,1,0,1,1
493,0,0,0,1,1
494,0,1,0,1,1
495,0,1,0,1,1
496,0,1,0,1,1
497,1,0,0,1,1
498,1,0,0,1,1
499,0,0,0,1,1
500,1,0,0,1,1
501,0,0,0,1,1
502,0,0,0,1,1
503,0,0,1,1,1
504,0,1,0,1,1
505,0,1,0,1,1
506,0,0,0,1,1
507,0,0,0,1,1
508,0,1,0,1,1
509,0,0,0,1,1
510,0,1,0,1,1
511,0,0,0,1,1
512,0,1,0,1,1
513,0,0,0,1,1
514,0,1,0,1,1
515,0,1,0,1,1
516,0,1,0,1,1
517,0,1,0,1,1
518,0,1,0,1,1
519,0,1,0,1,1
520,0,1,0,1,1
521,0,0,0,1,1
522,0,0,0,1,1
523,0,1,0,1,1
524,0,1,0,1,1
525,0,0,0,1,1
526,0,0,0,1,1
527,0,0,0,1,1
528,0,0,0,1,1
529,0,1,0,1,1
530,0,1,0,1,1
531,0,1,0,1,1
532,0,1,0,1,1
533,0,1,0,1,1
534,0,0,0,1,1
535,1,1,0,1,1
536,1,1,0,1,1
537,0,1,0,1,1
538,0,0,0,1,1
539,1,0,0,1,1
540,1,0,0,1,1
541,0,0,0,1,1
542,0,0,0,1,1
543,0,0,1,1,1
544,0,0,0,1,1
545,0,1,0,1,1
546,0,0,0,1,1
547,0,1,0,1,1
548,0,1,0,1,1
549,0,1,0,1,1
550,1,0,0,1,1
551,1,0,0,1,1
552,0,0,0,1,1
553,1,0,0,1,1
554,0,0,0,1,1
555,0,0,0,1,1
556,0,0,0,1,1
557,0,1,0,1,1
558,0,1,0,1,1
559,0,0,0,1,1
560,0,0,0,1,1
561,0,1,0,1,1
562,0,0,0,1,1
563,0,1,0,1,1
564,0,1,0,1,1
565,0,1,0,1,1
566,0,0,0,1,1
567,0,1,0,1,1
568,0,1,0,1,1
569,0,1,0,1,1
570,0,1,0,1,1
571,0,1,0,1,1
572,0,1,0,1,1
573,0,1,0,1,1
574,0,0,0,1,1
575,0,0,0,1,1
576,0,1,1,1,1
577,0,0,0,1,1
578,0,0,0,1,1
579,0,0,0,1,1
580,0,0,0,1,1
581,0,0,0,1,1
582,0,1,0,1,1
583,0,1,0,1,1
584,0,1,0,1,1
585,0,1,0,1,1
586,0,1,0,1,1
587,1,0,0,1,1
588,0,0,0,1,1
589,1,0,0,1,1
590,0,0,0,1,1
591,1,1,0,1,1
592,1,1,0,1,1
593,0,1,0,1,1
594,1,0,0,1,1
595,0,0,0,1,1
596,0,0,0,1,1
597,0,0,1,1,1
598,0,1,0,1,1
599,0,1,0,1,1
600,0,0,0,1,1
601,0,0,0,1,1
602,0,1,0,1,1
603,0,0,0,1,1
604,0,1,0,1,1
605,0,1,0,1,1
606,0,1,0,1,1
607,0,0,0,1,1
608,0,1,0,1,1
609,0,1,0,1,1
610,0,1,0,1,1
611,0,1,0,1,1
612,0,1,0,1,1
613,0,1,0,1,1
614,0,1,0,1,1
615,0,0,0,1,1
616,0,0,0,1,1
617,0,1,0,1,1
618,0,0,0,1,1
619,0,0,0,1,1
620,0,0,0,1,1
621,0,0,0,1,1
622,0,0,0,1,1
623,0,1,0,1,1
624,0,1,0,1,1
625,0,1,0,1,1
626,0,1,0,1,1
627,0,1,0,1,1
628,1,0,0,1,1
629,0,0,0,1,1
630,1,0,0,1,1
631,0,0,0,1,1
632,1,1,0,1,1
633,1,1,0,1,1
634,0,1,0,1,1
635,0,0,0,1,1
636,1,0,0,1,1
637,1,0,0,1,1
638,0,0,0,1,1
639,0,0,0,1,1
640,0,0,1,1,1
641,0,0,0,1,1
642,0,1,0,1,1
643,0,0,0,1,1
644,0,1,0,1,1
645,0,1,0,1,1
646,0,0,0,1,1
647,1,1,0,1,1
648,1,1,0,1,1
649,0,1,0,1,1
650,1,0,0,1,1
651,0,0,0,1,1
652,0,0,0,1,1
653,0,0,0,1,1
654,0,0,0,1,1
655,0,1,0,1,1
656,0,0,0,1,1
657,0,1,0,1,1
658,0,1,0,1,1
659,0,0,0,1,1
660,0,1,0,1,1
661,0,0,0,1,1
662,0,0,0,1,1
663,0,0,0,1,1
664,0,0,0,1,1
665,0,0,0,1,1
666,0,0,0,1,1
667,0,0,0,1,1
668,0,0,0,1,1
669,0,0,0,1,1
670,0,0,0,1,1
671,0,0,0,1,1
672,0,0,0,1,1
673,0,0,0,1,1
674,0,0,0,1,1
675,0,0,0,1,1
676,0,0,0,1,1
677,0,0,0,1,1
678,0,0,0,1,1
679,0,0,0,1,1
680,0,0,0,1,1
681,0,0,0,1,1
682,0,0,0,1,1
683,0,0,0,1,1
684,0,0,0,1,1
685,1,0,0,1,1
686,1,0,0,1,1
687,0,0,0,1,1
688,0,0,0,1,1
689,1,0,0,1,1
690,1,0,0,1,1
691,0,0,0,1,1
692,0,0,0,1,1
693,0,0,1,1,1
694,0,0,0,1,1
695,0,1,0,1,1
696,0,0,0,1,1
697,0,1,0,1,1
698,0,1,0,1,1
699,0,1,0,1,1
700,1,0,0,1,1
701,1,0,0,1,1
702,0,0,0,1,1
703,1,0,0,1,1
704,0,0,0,1,1
705,0,0,0,1,1
706,0,0,1,1,1
707,0,1,0,1,1
708,0,1,0,1,1
709,0,0,0,1,1
710,0,0,0,1,1
711,0,1,0,1,1
712,0,0,0,1,1
713,0,1,0,1,1
714,0,1,0,1,1
715,0,1,0,1,1
716,0,0,0,1,1
717,0,1,0,1,1
718,0,1,0,1,1
719,0,1,0,1,1
720,0,1,0,1,1
721,0,1,0,1,1
722,0,1,0,1,1
723,0,1,0,1,1
724,0,0,0,1,1
725,0,0,0,1,1
726,0,1,0,1,1
727,0,1,0,1,1
728,0,0,0,1,1
729,0,0,0,1,1
730,0,0,0,1,1
731,0,0,0,1,1
732,0,1,0,1,1
733,0,1,0,1,1
734,0,1,0,1,1
735,0,1,0,1,1
736,0,1,0,1,1
737,1,0,0,1,1
738,0,0,0,1,1
739,1,0,0,1,1
740,0,0,0,1,1
741,1,1,0,1,1
742,1,1,0,1,1
743,0,1,0,1,1
744,0,0,0,1,1
745,1,0,0,1,1
746,1,0,0,1,1
747,0,0,0,1,1
748,0,0,0,1,1
749,0,0,1,1,1
750,0,0,0,1,1
751,0,1,0,1,1
752,0,0,0,1,1
753,0,1,0,1,1
754,0,1,0,1,1
755,0,0,0,1,1
756,1,1,0,1,1
757,1,1,0,1,1
758,0,1,0,1,1
759,1,0,0,1,1
760,0,0,0,1,1
761,0,0,0,1,1
762,0,0,0,1,1
763,0,0,0,1,1
764,0,1,0,1,1
765,0,0,0,1,1
766,0,1,0,1,1
767,0,1,0,1,1
768,0,0,0,1,1
769,0,1,0,1,1
770,0,0,0,1,1
771,0,0,0,1,1
772,0,0,0,1,1
773,0,0,0,1,1
774,0,0,0,1,1
775,0,0,0,1,1
776,0,0,0,1,1
777,0,0,0,1,1
778,0,0,0,1,1
779,0,0,0,1,1
780,0,0,1,1,1
781,0,0,0,1,1
782,0,0,0,1,1
783,0,0,0,1,1
784,0,0,1,1,1
785,0,0,0,1,1
786,0,0,1,1,1
787,0,0,0,1,1
788,0,0,0,1,1
789,0,0,0,1,1
790,0,0,0,1,1
791,0,0,0,1,1
792,0,0,0,1,1
793,0,0,0,1,1
794,1,0,0,1,1
795,1,0,0,1,1
796,0,0,0,1,1
797,0,0,0,1,1
798,1,0,0,1,1
799,1,0,0,1,1
800,0,0,0,1,1
801,0,0,0,1,1
802,0,0,1,1,1
803,0,0,0,1,1
804,0,1,0,1,1
805,0,0,0,1,1
806,0,1,0,1,1
807,0,1,0,1,1
808,0,1,0,1,1
809,1,0,0,1,1
810,1,0,0,1,1
811,0,0,0,1,1
812,1,0,0,1,1
813,0,0,0,1,1
814,0,0,0,1,1
815,0,0,1,1,1
816,0,1,0,1,1
817,0,1,0,1,1
818,0,0,0,1,1
819,0,0,0,1,1
820,0,1,0,1,1
821,0,0,0,1,1
822,0,1,0,1,1
823,0,1,0,1,1
824,0,1,0,1,1
825,0,0,0,1,1
826,0,1,0,1,1
827,0,1,0,1,1
828,0,1,0,1,1
829,0,1,0,1,1
830,0,1,0,1,1
831,0,1,0,1,1
832,0,1,0,1,1
833,0,0,0,1,1
834,0,0,0,1,1
835,0,1,0,1,1
836,0,1,0,1,1
837,0,0,0,1,1
838,0,0,0,1,1
839,0,0,0,1,1
840,0,0,0,1,1
841,0,1,0,1,1
842,0,1,0,1,1
843,0,1,0,1,1
844,0,1,0,1,1
845,0,1,0,1,1
846,1,0,0,1,1
847,0,0,0,1,1
848,1,0,0,1,1
849,0,0,0,1,1
850,1,1,0,1,1
851,1,1,0,1,1
852,0,1,0,1,1
853,0,0,0,1,1
854,1,0,0,1,1
855,1,0,0,1,1
856,0,0,0,1,1
857,0,0,0,1,1
858,0,0,1,1,1
859,0,0,0,1,1
860,0,1,0,1,1
861,0,0,0,1,1
862,0,1,0,1,1
863,0,1,0,1,1
864,0,0,0,1,1
865,1,1,0,1,1
866,1,1,0,1,1
867,0,1,0,1,1
868,1,0,0,1,1
869,0,0,0,1,1
870,0,0,0,1,1
871,0,0,0,1,1
872,0,0,0,1,1
873,0,1,0,1,1
874,0,0,0,1,1
875,0,1,0,1,1
876,0,1,0,1,1
877,0,0,0,1,1
878,0,1,0,1,1
879,0,0,0,1,1
880,0,0,0,1,1
881,0,0,0,1,1
882,0,0,0,1,1
883,0,0,0,1,1
884,0,0,0,1,1
885,0,0,0,1,1
886,0,0,0,1,1
887,0,0,0,1,1
888,0,0,0,1,1
889,0,0,1,1,1
890,0,0,0,1,1
891,0,0,0,1,1
892,0,0,0,1,1
893,0,0,1,1,1
894,0,0,0,1,1
895,0,0,1,1,1
896,0,0,0,1,1
897,0,0,0,1,1
898,0,0,0,1,1
899,0,0,0,1,1
900,0,0,0,1,1
901,0,0,0,1,1
902,0,0,0,1,1
903,1,0,0,1,1
904,1,0,0,1,1
905,0,0,0,1,1
906,0,0,0,1,1
907,1,0,0,1,1
908,1,0,0,1,1
909,0,0,0,1,1
910,0,0,0,1,1
911,0,0,1,1,1
912,0,0,0,1,1
913,0,1,0,1,1
914,0,0,0,1,1
915,0,1,0,1,1
916,0,1,0,1,1
917,0,1,0,1,1
918,1,0,0,1,1
919,1,0,0,1,1
920,0,0,0,1,1
921,1,0,0,1,1
922,0,0,0,1,1
923,0,0,0,1,1
924,0,0,1,1,1
925,0,1,0,1,1
926,0,1,0,1,1
927,0,0,0,1,1
928,0,0,0,1,1
929,0,1,0,1,1
930,0,0,0,1,1
931,0,1,0,1,1
932,0,0,0,1,1
933,0,1,0,1,1
934,0,0,0,1,1
935,0,1,0,1,1
936,0,0,0,1,1
937,0,1,0,1,1
938,0,1,0,1,1
939,0,1,0,1,1
940,0,0,0,1,1
941,0,1,0,1,1
942,0,0,0,1,1
943,0,0,0,1,1
944,0,1,0,1,1
945,0,1,0,1,1
946,0,0,0,1,1
947,0,0,0,1,1
948,0,0,0,1,1
949,0,0,0,1,1
950,0,1,0,1,1
951,0,1,0,1,1
952,0,1,0,1,1
953,0,1,0,1,1
954,0,1,0,1,1
955,1,0,0,1,1
956,0,0,0,1,1
957,1,0,0,1,1
958,0,0,0,1,1
959,1,1,0,1,1
960,1,1,0,1,1
961,0,1,0,1,1
962,0,0,0,1,1
963,1,0,0,1,1
964,1,0,0,1,1
965,0,0,0,1,1
966,0,0,0,1,1
967,0,0,1,1,1
968,0,0,0,1,1
969,0,1,0,1,1
970,0,0,0,1,1
971,0,1,0,1,1
972,0,1,0,1,1
973,0,1,0,1,1
974,1,0,0,1,1
975,1,0,0,1,1
976,0,0,0,1,1
977,1,0,0,1,1
978,0,0,0,1,1
979,0,0,0,1,1
980,0,0,1,1,1
981,0,1,0,1,1
982,0,1,0,1,1
983,0,0,0,1,1
984,0,0,0,1,1
985,0,1,0,1,1
986,0,0,0,1,1
987,0,1,0,1,1
988,0,1,0,1,1
989,0,1,0,1,1
990,0,0,0,1,1
991,0,1,0,1,1
992,0,1,0,1,1
993,0,1,0,1,1
994,0,1,0,1,1
995,0,1,0,1,1
996,0,1,0,1,1
997,0,1,0,1,1
998,0,0,0,1,1
999,0,0,0,1,1
1000,0,1,0,1,1
1001,0,1,0,1,1
1002,0,0,0,1,1
1003,0,0,0,1,1
1004,0,0,0,1,1
1005,0,0,0,1,1
1006,0,1,0,1,1
1007,0,1,0,1,1
1008,0,1,0,1,1
1009,0,1,0,1,1
1010,0,1,0,1,1
1011,1,0,0,1,1
1012,0,0,0,1,1
1013,1,0,0,1,1
1014,0,0,0,1,1
1015,1,1,0,1,1
1016,1,1,0,1,1
1017,0,1,0,1,1
1018,0,0,0,1,1
1019,1,0,0,1,1
1020,1,0,0,1,1
1021,0,0,0,1,1
1022,0,0,0,1,1
1023,0,0,1,1,1
1024,0,0,0,1,1
1025,0,1,0,1,1
1026,0,0,0,1,1
1027,0,1,0,1,1
1028,0,1,0,1,1
1029,0,0,0,1,1
1030,1,1,0,1,1
1031,1,1,0,1,1
1032,0,1,0,1,1
1033,1,0,0,1,1
1034,0,0,0,1,1
1035,0,0,0,1,1
1036,0,0,0,1,1
1037,0,0,0,1,1
1038,0,1,0,1,1
1039,0,0,0,1,1
1040,0,1,0,1,1
1041,0,1,0,1,1
1042,0,0,0,1,1
1043,0,1,0,1,1
1044,0,0,0,1,1
1045,0,0,0,1,1
1046,0,0,0,1,1
1047,0,0,0,1,1
1048,0,0,0,1,1
1049,0,0,0,1,1
1050,0,0,0,1,1
1051,0,0,0,1,1
1052,0,0,0,1,1
1053,0,0,0,1,1
1054,0,0,1,1,1
1055,0,0,0,1,1
1056,0,0,0,1,1
1057,0,0,0,1,1
1058,0,0,1,1,1
1059,0,0,0,1,1
1060,0,0,1,1,1
1061,0,0,0,1,1
1062,0,0,0,1,1
1063,0,0,0,1,1
1064,0,0,0,1,1
1065,0,0,0,1,1
1066,0,0,0,1,1
1067,0,0,0,1,1
1068,1,0,0,1,1
1069,1,0,0,1,1
1070,0,0,0,1,1
1071,0,0,0,1,1
1072,1,0,0,1,1
1073,1,0,0,1,1
1074,0,0,0,1,1
1075,0,0,0,1,1
1076,0,0,1,1,1
1077,0,0,0,1,1
1078,0,1,0,1,1
1079,0,0,0,1,1
1080,0,1,0,1,1
1081,0,1,0,1,1
1082,0,0,0,1,1
1083,1,1,0,1,1
1084,1,1,0,1,1
1085,0,1,0,1,1
1086,1,0,0,1,1
1087,0,0,0,1,1
1088,0,0,0,1,1
1089,0,0,0,1,1
1090,0,0,0,1,1
1091,0,0,0,1,1
1092,0,0,0,1,1
1093,0,0,0,1,1
1094,0,0,0,1,1
1095,0,0,0,1,1
1096,0,0,0,1,1
1097,0,0,0,1,1
1098,0,0,0,1,1
1099,0,0,0,1,1
1100,0,0,0,1,1
1101,0,0,0,1,1
1102,0,0,0,1,1
1103,0,0,0,1,1
1104,0,0,0,1,1
1105,0,0,0,1,1
1106,0,0,0,1,1
1107,0,1,1,1,1
1108,0,0,0,1,1
1109,0,0,0,1,1
1110,0,0,0,1,1
1111,0,1,1,1,1
1112,0,0,0,1,1
1113,0,1,1,1,1
1114,0,0,0,1,1
1115,0,0,0,1,1
1116,0,0,0,1,1
1117,0,0,0,1,1
1118,0,0,0,1,1
1119,0,0,0,1,1
1120,0,0,0,1,1
1121,1,1,0,1,1
1122,1,1,0,1,1
1123,0,1,0,1,1
1124,0,0,0,1,1
1125,1,0,0,1,1
1126,1,0,0,1,1
1127,0,0,0,1,1
1128,0,0,0,1,1
1129,0,0,1,1,1
1130,0,0,0,1,1
1131,0,1,0,1,1
1132,0,0,0,1,1
1133,0,1,0,1,1
1134,0,1,0,1,1
1135,0,1,0,1,1
1136,1,0,0,1,1
1137,1,0,0,1,1
1138,0,0,0,1,1
1139,1,0,0,1,1
1140,0,0,0,1,1
1141,0,0,0,1,1
1142,0,0,1,1,1
1143,0,1,0,1,1
1144,0,1,0,1,1
1145,0,0,0,1,1
1146,0,0,0,1,1
1147,0,1,0,1,1
1148,0,0,0,1,1
1149,0,1,0,1,1
1150,0,0,0,1,1
1151,0,1,0,1,1
1152,0,0,0,1,1
1153,0,1,0,1,1
1154,0,1,0,1,1
1155,0,1,0,1,1
1156,0,1,0,1,1
1157,0,1,0,1,1
1158,0,1,0,1,1
1159,0,1,0,1,1
1160,0,0,0,1,1
1161,0,0,0,1,1
1162,0,1,0,1,1
1163,0,1,0,1,1
1164,0,0,0,1,1
1165,0,0,0,1,1
1166,0,0,0,1,1
1167,0,0,0,1,1
1168,0,1,0,1,1
1169,0,1,0,1,1
1170,0,1,0,1,1
1171,0,1,0,1,1
1172,0,1,0,1,1
1173,0,0,0,1,1
1174,1,1,0,1,1
1175,1,1,0,1,1
1176,0,1,0,1,1
1177,0,0,0,1,1
1178,1,0,0,1,1
1179,1,0,0,1,1
1180,0,0,0,1,1
1181,0,0,0,1,1
1182,0,0,1,1,1
1183,0,0,0,1,1
1184,0,1,0,1,1
1185,0,0,0,1,1
1186,0,1,0,1,1
1187,0,1,0,1,1
1188,0,1,0,1,1
1189,1,0,0,1,1
1190,1,0,0,1,1
1191,0,0,0,1,1
1192,1,0,0,1,1
1193,0,0,0,1,1
1194,0,0,0,1,1
1195,0,0,0,1,1
1196,0,1,0,1,1
1197,0,1,0,1,1
1198,0,0,0,1,1
1199,0,0,0,1,1
1200,0,1,0,1,1
1201,0,0,0,1,1
1202,0,1,0,1,1
1203,0,1,0,1,1
1204,0,1,0,1,1
1205,0,0,0,1,1
1206,0,1,0,1,1
1207,0,1,0,1,1
1208,0,1,0,1,1
1209,0,1,0,1,1
1210,0,1,0,1,1
1211,0,1,0,1,1
1212,0,1,0,1,1
1213,0,0,0,1,1
1214,0,0,0,1,1
1215,0,1,1,1,1
1216,0,1,0,1,1
1217,0,0,0,1,1
1218,0,0,0,1,1
1219,0,0,0,1,1
1220,0,0,0,1,1
1221,0,1,0,1,1
1222,0,1,0,1,1
1223,0,1,0,1,1
1224,0,1,0,1,1
1225,0,1,0,1,1
1226,1,0,0,1,1
1227,0,0,0,1,1
1228,1,0,0,1,1
1229,0,0,0,1,1
1230,1,1,0,1,1
1231,1,1,0,1,1
1232,0,1,0,1,1
1233,1,0,0,1,1
1234,0,0,0,1,1
1235,0,0,0,1,1
1236,0,0,1,1,1
1237,0,1,0,1,1
1238,0,1,0,1,1
1239,0,0,0,1,1
1240,0,0,0,1,1
1241,0,1,0,1,1
1242,0,0,0,1,1
1243,0,1,0,1,1
1244,0,1,0,1,1
1245,0,1,0,1,1
1246,0,0,0,1,1
1247,0,1,0,1,1
1248,0,1,0,1,1
1249,0,1,0,1,1
1250,0,1,0,1,1
1251,0,1,0,1,1
1252,0,1,0,1,1
1253,0,1,0,1,1
1254,0,0,0,1,1
1255,0,0,0,1,1
1256,0,1,0,1,1
1257,0,1,0,1,1
1258,0,0,0,1,1
1259,0,0,0,1,1
1260,0,0,0,1,1
1261,0,0,0,1,1
1262,0,1,0,1,1
1263,0,1,0,1,1
1264,0,1,0,1,1
1265,0,1,0,1,1
1266,0,1,0,1,1
1267,1,0,0,1,1
1268,0,0,0,1,1
1269,1,0,0,1,1
1270,0,0,0,1,1
1271,1,1,0,1,1
1272,1,1,0,1,1
1273,0,1,0,1,1
1274,0,0,0,1,1
1275,1,0,0,1,1
1276,1,0,0,1,1
1277,0,0,0,1,1
1278,0,0,0,1,1
1279,0,0,1,1,1
1280,0,0,0,1,1
1281,0,1,0,1,1
1282,0,0,0,1,1
1283,0,1,0,1,1
1284,0,1,0,1,1
1285,0,0,0,1,1
1286,1,1,0,1,1
1287,1,1,0,1,1
1288,0,1,0,1,1
1289,1,0,0,1,1
1290,0,0,0,1,1
1291,0,0,0,1,1
1292,0,0,0,1,1
1293,0,0,0,1,1
1294,0,1,0,1,1
1295,0,0,0,1,1
1296,0,1,0,1,1
1297,0,1,0,1,1
1298,0,0,0,1,1
1299,0,1,0,1,1
1300,0,0,0,1,1
1301,0,0,0,1,1
1302,0,0,0,1,1
1303,0,0,0,1,1
1304,0,0,0,1,1
1305,0,0,0,1,1
1306,0,0,0,1,1
1307,0,0,0,1,1
1308,0,0,0,1,1
1309,0,0,0,1,1
1310,0,0,1,1,1
1311,0,0,0,1,1
1312,0,0,0,1,1
1313,0,0,0,1,1
1314,0,0,1,1,1
1315,0,0,0,1,1
1316,0,0,1,1,1
1317,0,0,0,1,1
1318,0,0,0,1,1
1319,0,0,0,1,1
1320,0,0,0,1,1
1321,0,0,0,1,1
1322,0,0,0,1,1
1323,0,0,0,1,1
1324,1,0,0,1,1
1325,1,0,0,1,1
1326,0,0,0,1,1
1327,0,0,0,1,1
1328,1,0,0,1,1
1329,1,0,0,1,1
1330,0,0,0,1,1
1331,0,0,0,1,1
1332,0,0,1,1,1
1333,0,0,0,1,1
1334,0,1,0,1,1
1335,0,0,0,1,1
1336,0,1,0,1,1
1337,0,1,0,1,1
1338,0,0,0,1,1
1339,1,1,0,1,1
1340,1,1,0,1,1
1341,0,1,0,1,1
1342,1,0,0,1,1
1343,0,0,0,1,1
1344,0,0,0,1,1
1345,0,0,0,1,1
1346,0,0,0,1,1
1347,0,0,0,1,1
1348,0,0,0,1,1
1349,0,0,0,1,1
1350,0,0,0,1,1
1351,0,0,0,1,1
1352,0,0,0,1,1
1353,0,0,0,1,1
1354,0,0,0,1,1
1355,0,0,0,1,1
1356,0,0,0,1,1
1357,0,0,0,1,1
1358,0,0,0,1,1
1359,0,0,0,1,1
1360,0,0,0,1,1
1361,0,0,0,1,1
1362,0,0,0,1,1
1363,0,1,1,1,1
1364,0,0,0,1,1
1365,0,0,0,1,1
1366,0,0,0,1,1
1367,0,0,1,1,1
1368,0,0,0,1,1
1369,0,1,1,1,1
1370,0,0,0,1,1
1371,0,0,0,1,1
1372,0,0,0,1,1
1373,0,0,0,1,1
1374,0,0,0,1,1
1375,0,0,0,1,1
1376,0,0,0,1,1
1377,1,1,0,1,1
1378,1,1,0,1,1
1379,0,1,0,1,1
1380,0,0,0,1,1
1381,1,0,0,1,1
1382,1,0,0,1,1
1383,0,0,0,1,1
1384,0,0,0,1,1
1385,0,0,1,1,1
1386,0,0,0,1,1
1387,0,1,0,1,1
1388,0,0,0,1,1
1389,0,1,0,1,1
1390,0,1,0,1,1
1391,0,1,0,1,1
1392,1,0,0,1,1
1393,1,0,0,1,1
1394,0,0,0,1,1
1395,1,0,0,1,1
1396,0,0,0,1,1
1397,0,0,0,1,1
1398,0,0,1,1,1
1399,0,1,0,1,1
1400,0,1,0,1,1
1401,0,0,0,1,1
1402,0,0,0,1,1
1403,0,1,0,1,1
1404,0,0,0,1,1
1405,0,1,0,1,1
1406,0,0,0,1,1
1407,0,1,0,1,1
1408,0,0,0,1,1
1409,0,1,0,1,1
1410,0,1,0,1,1
1411,0,1,0,1,1
1412,0,1,0,1,1
1413,0,1,0,1,1
1414,0,1,0,1,1
1415,0,1,0,1,1
1416,0,0,0,1,1
1417,0,0,0,1,1
1418,0,1,0,1,1
1419,0,1,0,1,1
1420,0,0,0,1,1
1421,0,0,0,1,1
1422,0,0,0,1,1
1423,0,0,0,1,1
1424,0,1,0,1,1
1425,0,1,0,1,1
1426,0,1,0,1,1
1427,0,1,0,1,1
1428,0,1,0,1,1
1429,0,0,0,1,1
1430,1,1,0,1,1
1431,1,1,0,1,1
1432,0,1,0,1,1
1433,0,0,0,1,1
1434,1,0,0,1,1
1435,1,0,0,1,1
1436,0,0,0,1,1
1437,0,0,0,1,1
1438,0,0,1,1,1
1439,0,0,0,1,1
1440,0,1,0,1,1
1441,0,0,0,1,1
1442,0,1,0,1,1
1443,0,1,0,1,1
1444,0,1,0,1,1
1445,1,0,0,1,1
1446,1,0,0,1,1
1447,0,0,0,1,1
1448,1,0,0,1,1
1449,0,0,0,1,1
1450,0,0,0,1,1
1451,0,0,0,1,1
1452,0,1,0,1,1
1453,0,1,0,1,1
1454,0,0,0,1,1
1455,0,0,0,1,1
1456,0,1,0,1,1
1457,0,0,0,1,1
1458,0,1,0,1,1
1459,0,1,0,1,1
1460,0,1,0,1,1
1461,0,0,0,1,1
1462,0,1,0,1,1
1463,0,0,0,1,1
1464,0,1,0,1,1
1465,0,1,0,1,1
1466,0,1,0,1,1
1467,0,0,0,1,1
1468,0,1,0,1,1
1469,0,0,0,1,1
1470,0,0,0,1,1
1471,0,1,1,1,1
1472,0,1,0,1,1
1473,0,0,0,1,1
1474,0,0,0,1,1
1475,0,0,0,1,1
1476,0,0,0,1,1
1477,0,1,0,1,1
1478,0,1,0,1,1
1479,0,1,0,1,1
1480,0,1,0,1,1
1481,0,1,0,1,1
1482,0,0,0,1,1
1483,1,1,0,1,1
1484,1,1,0,1,1
1485,0,1,0,1,1
1486,0,0,0,1,1
1487,1,0,0,1,1
1488,1,0,0,1,1
1489,0,0,0,1,1
1490,0,0,0,1,1
1491,0,0,1,1,1
1492,0,0,0,1,1
1493,0,1,0,1,1
1494,0,0,0,1,1
1495,0,1,0,1,1
1496,0,1,0,1,1
1497,0,0,0,1,1
1498,1,1,0,1,1
1499,1,1,0,1,1
1500,0,1,0,1,1
1501,1,0,0,1,1
1502,0,0,0,1,1
1503,0,0,0,1,1
1504,0,0,0,1,1
1505,0,0,0,1,1
1506,0,0,0,1,1
1507,0,0,0,1,1
1508,0,0,0,1,1
1509,0,0,0,1,1
1510,0,0,0,1,1
1511,0,0,0,1,1
1512,0,0,0,1,1
1513,0,0,0,1,1
1514,0,0,0,1,1
1515,0,0,0,1,1
1516,0,0,0,1,1
1517,0,0,0,1,1
1518,0,0,0,1,1
1519,0,0,0,1,1
1520,0,0,0,1,1
1521,0,0,0,1,1
1522,0,1,1,1,1
1523,0,0,0,1,1
1524,0,0,0,1,1
1525,0,0,0,1,1
1526,0,1,0,1,1
1527,0,0,0,1,1
1528,0,1,1,1,1
1529,0,0,0,1,1
1530,0,0,0,1,1
1531,0,0,0,1,1
1532,0,0,0,1,1
1533,0,0,0,1,1
1534,0,0,0,1,1
1535,0,0,0,1,1
1536,1,1,0,1,1
1537,1,1,0,1,1
1538,0,1,0,1,1
1539,0,0,0,1,1
1540,1,0,0,1,1
1541,1,0,0,1,1
1542,0,0,0,1,1
1543,0,0,0,1,1
1544,0,0,1,1,1
1545,0,0,0,1,1
1546,0,1,0,1,1
1547,0,0,0,1,1
1548,0,1,0,1,1
1549,0,1,0,1,1
1550,0,1,0,1,1
1551,1,0,0,1,1
1552,1,0,0,1,1
1553,0,0,0,1,1
1554,1,0,0,1,1
1555,0,0,0,1,1
1556,0,0,0,1,1
1557,0,0,0,1,1
1558,0,1,0,1,1
1559,0,1,0,1,1
1560,0,0,0,1,1
1561,0,0,0,1,1
1562,0,1,0,1,1
1563,0,0,0,1,1
1564,0,1,0,1,1
1565,0,0,0,1,1
1566,0,1,0,1,1
1567,0,0,0,1,1
1568,0,1,0,1,1
1569,0,1,0,1,1
1570,0,1,0,1,1
1571,0,1,0,1,1
1572,0,1,0,1,1
1573,0,1,0,1,1
1574,0,1,0,1,1
1575,0,0,0,1,1
1576,0,0,1,1,1
1577,0,1,1,1,1
1578,0,1,0,1,1
1579,0,0,0,1,1
1580,0,0,0,1,1
1581,0,0,0,1,1
1582,0,0,0,1,1
1583,0,1,0,1,1
1584,0,1,0,1,1
1585,0,1,0,1,1
1586,0,1,0,1,1
1587,0,1,0,1,1
1588,0,0,0,1,1
1589,1,1,0,1,1
1590,1,1,0,1,1
1591,0,1,0,1,1
1592,0,0,0,1,1
1593,1,0,0,1,1
1594,1,0,0,1,1
1595,0,0,0,1,1
1596,0,0,0,1,1
1597,0,0,1,1,1
1598,0,0,0,1,1
1599,0,1,0,1,1
1600,0,0,0,1,1
1601,0,1,0,1,1
1602,0,1,0,1,1
1603,0,1,0,1,1
1604,1,0,0,1,1
1605,1,0,0,1,1
1606,0,0,0,1,1
1607,1,0,0,1,1
1608,0,0,0,1,1
1609,0,0,0,1,1
1610,0,0,0,1,1
1611,0,1,1,1,1
1612,0,1,0,1,1
1613,0,0,0,1,1
1614,0,0,0,1,1
1615,0,1,0,1,1
1616,0,0,0,1,1
1617,0,1,0,1,1
1618,0,1,0,1,1
1619,0,1,0,1,1
1620,0,0,0,1,1
1621,0,1,0,1,1
1622,0,1,0,1,1
1623,0,1,0,1,1
1624,0,1,0,1,1
1625,0,1,0,1,1
1626,0,1,0,1,1
1627,0,1,0,1,1
1628,0,0,0,1,1
1629,0,0,1,1,1
1630,0,1,1,1,1
1631,0,0,0,1,1
1632,0,0,0,1,1
1633,0,0,0,1,1
1634,0,0,0,1,1
1635,0,0,0,1,1
1636,0,1,0,1,1
1637,0,1,0,1,1
1638,0,1,0,1,1
1639,0,1,0,1,1
1640,0,1,0,1,1
1641,1,0,0,1,1
1642,0,0,0,1,1
1643,1,0,0,1,1
1644,0,0,0,1,1
1645,1,0,0,1,1
1646,1,0,0,1,1
1647,0,0,0,1,1
1648,1,0,0,1,1
1649,0,0,0,1,1
1650,0,0,0,1,1
1651,0,0,1,1,1
1652,0,1,1,1,1
1653,0,1,0,1,1
1654,0,0,0,1,1
1655,0,0,0,1,1
1656,0,1,0,1,1
1657,0,0,0,1,1
1658,0,1,0,1,1
1659,0,1,0,1,1
1660,0,1,0,1,1
1661,0,0,0,1,1
1662,0,1,0,1,1
1663,0,1,0,1,1
1664,0,1,0,1,1
1665,0,1,0,1,1
1666,0,1,0,1,1
1667,0,1,0,1,1
1668,0,1,0,1,1
1669,0,0,0,1,1
1670,0,0,0,1,1
1671,0,1,0,1,1
1672,0,0,0,1,1
1673,0,0,0,1,1
1674,0,0,0,1,1
1675,0,0,0,1,1
1676,0,0,0,1,1
1677,0,1,0,1,1
1678,0,1,0,1,1
1679,0,1,0,1,1
1680,0,1,0,1,1
1681,0,1,0,1,1
1682,1,0,0,1,1
1683,0,0,0,1,1
1684,1,0,0,1,1
1685,0,0,0,1,1
1686,1,0,0,1,1
1687,1,0,0,1,1
1688,0,0,0,1,1
1689,1,0,0,1,1
1690,0,0,0,1,1
1691,0,0,0,1,1
1692,0,0,1,1,1
1693,0,1,1,1,1
1694,0,1,0,1,1
1695,0,0,0,1,1
1696,0,0,0,1,1
1697,0,1,0,1,1
1698,0,0,0,1,1
1699,0,1,0,1,1
1700,0,1,0,1,1
1701,0,1,0,1,1
1702,0,0,0,1,1
1703,0,1,0,1,1
1704,0,1,0,1,1
1705,0,1,0,1,1
1706,0,1,0,1,1
1707,0,1,0,1,1
1708,0,1,0,1,1
1709,0,1,0,1,1
1710,0,0,0,1,1
1711,0,0,0,1,1
1712,0,1,0,1,1
1713,0,1,0,1,1
1714,0,0,0,1,1
1715,0,0,0,1,1
1716,0,0,0,1,1
1717,0,0,0,1,1
1718,0,1,0,1,1
1719,0,1,0,1,1
1720,0,1,0,1,1
1721,0,1,0,1,1
1722,0,1,0,1,1
1723,0,0,0,1,1
1724,1,1,0,1,1
1725,1,1,0,1,1
1726,0,1,0,1,1
1727,1,0,0,1,1
1728,0,0,0,1,1
1729,0,0,0,1,1
1730,0,0,0,1,1
1731,0,1,0,1,1
1732,0,1,0,1,1
1733,0,0,0,1,1
1734,0,0,0,1,1
1735,0,1,0,1,1
1736,0,0,0,1,1
1737,0,1,0,1,1
1738,0,1,0,1,1
1739,0,1,0,1,1
1740,0,0,0,1,1
1741,0,1,0,1,1
1742,0,1,0,1,1
1743,0,1,0,1,1
1744,0,1,0,1,1
1745,0,1,0,1,1
1746,0,1,0,1,1
1747,0,1,0,1,1
1748,0,0,0,1,1
1749,0,0,0,1,1
1750,0,1,1,1,1
1751,0,0,0,1,1
1752,0,0,0,1,1
1753,0,0,0,1,1
1754,0,0,0,1,1
1755,0,0,0,1,1
1756,0,1,0,1,1
1757,0,1,0,1,1
1758,0,1,0,1,1
1759,0,1,0,1,1
1760,0,1,0,1,1
1761,1,0,0,1,1
1762,0,0,0,1,1
1763,1,0,0,1,1
1764,0,0,0,1,1
1765,1,1,0,1,1
1766,1,1,0,1,1
1767,0,1,0,1,1
1768,1,0,0,1,1
1769,0,0,0,1,1
1770,0,0,0,1,1
1771,0,0,1,1,1
1772,0,1,0,1,1
1773,0,1,0,1,1
1774,0,0,0,1,1
1775,0,0,0,1,1
1776,0,1,0,1,1
1777,0,0,0,1,1
1778,0,1,0,1,1
1779,0,1,0,1,1
1780,0,1,0,1,1
1781,0,0,0,1,1
1782,0,1,0,1,1
1783,0,1,0,1,1
1784,0,1,0,1,1
1785,0,1,0,1,1
1786,0,1,0,1,1
1787,0,1,0,1,1
1788,0,1,0,1,1
1789,0,0,0,1,1
1790,0,0,0,1,1
1791,0,1,0,1,1
1792,0,0,0,1,1
1793,0,0,0,1,1
1794,0,0,0,1,1
1795,0,0,0,1,1
1796,0,0,0,1,1
1797,0,1,0,1,1
1798,0,1,0,1,1
1799,0,1,0,1,1
1800,0,1,0,1,1
1801,0,1,0,1,1
1802,1,0,0,1,1
1803,0,0,0,1,1
1804,1,0,0,1,1
1805,0,0,0,1,1
1806,1,1,0,1,1
1807,1,1,0,1,1
1808,0,1,0,1,1
1809,0,0,0,1,1
1810,1,0,0,1,1
1811,1,0,0,1,1
1812,0,0,0,1,1
1813,0,0,0,1,1
1814,0,0,1,1,1
1815,0,0,0,1,1
1816,0,1,0,1,1
1817,0,0,0,1,1
1818,0,1,0,1,1
1819,0,1,0,1,1
1820,0,0,0,1,1
1821,1,1,0,1,1
1822,1,1,0,1,1
1823,0,1,0,1,1
1824,1,0,0,1,1
1825,0,0,0,1,1
1826,0,0,0,1,1
1827,0,0,0,1,1
1828,0,0,0,1,1
1829,0,1,0,1,1
1830,0,0,0,1,1
1831,0,1,0,1,1
1832,0,1,0,1,1
1833,0,0,0,1,1
1834,0,1,0,1,1
1835,0,0,0,1,1
1836,0,0,0,1,1
1837,0,0,0,1,1
1838,0,0,0,1,1
1839,0,0,0,1,1
1840,0,0,0,1,1
1841,0,0,0,1,1
1842,0,0,0,1,1
1843,0,0,0,1,1
1844,0,0,0,1,1
1845,0,0,0,1,1
1846,0,0,0,1,1
1847,0,0,0,1,1
1848,0,0,0,1,1
1849,0,0,0,1,1
1850,0,0,0,1,1
1851,0,0,0,1,1
1852,0,0,0,1,1
1853,0,0,0,1,1
1854,0,0,0,1,1
1855,0,0,0,1,1
1856,0,0,0,1,1
1857,0,0,0,1,1
1858,0,0,0,1,1
1859,1,0,0,1,1
1860,1,0,0,1,1
1861,0,0,0,1,1
1862,0,0,0,1,1
1863,1,0,0,1,1
1864,1,0,0,1,1
1865,0,0,0,1,1
1866,0,0,0,1,1
1867,0,0,1,1,1
1868,0,0,0,1,1
1869,0,1,0,1,1
1870,0,0,0,1,1
1871,0,1,0,1,1
1872,0,1,0,1,1
1873,0,1,0,1,1
1874,1,0,0,1,1
1875,1,0,0,1,1
1876,0,0,0,1,1
1877,1,0,0,1,1
1878,0,0,0,1,1
1879,0,0,0,1,1
1880,0,0,1,1,1
1881,0,1,0,1,1
1882,0,1,0,1,1
1883,0,0,0,1,1
1884,0,0,0,1,1
1885,0,1,0,1,1
1886,0,0,0,1,1
1887,0,1,0,1,1
1888,0,1,0,1,1
1889,0,1,0,1,1
1890,0,0,0,1,1
1891,0,1,0,1,1
1892,0,1,0,1,1
1893,0,1,0,1,1
1894,0,1,0,1,1
1895,0,1,0,1,1
1896,0,1,0,1,1
1897,0,1,0,1,1
1898,0,0,0,1,1
1899,0,0,0,1,1
1900,0,1,0,1,1
1901,0,1,0,1,1
1902,0,0,0,1,1
1903,0,0,0,1,1
1904,0,0,0,1,1
1905,0,0,0,1,1
1906,0,1,0,1,1
1907,0,1,0,1,1
1908,0,1,0,1,1
1909,0,1,0,1,1
1910,0,1,0,1,1
1911,1,0,0,1,1
1912,0,0,0,1,1
1913,1,0,0,1,1
1914,0,0,0,1,1
1915,1,1,0,1,1
1916,1,1,0,1,1
1917,0,1,0,1,1
1918,0,0,0,1,1
1919,1,0,0,1,1
1920,1,0,0,1,1
1921,0,0,0,1,1
1922,0,0,0,1,1
1923,0,0,1,1,1
1924,0,0,0,1,1
1925,0,1,0,1,1
1926,0,0,0,1,1
1927,0,1,0,1,1
1928,0,1,0,1,1
1929,0,0,0,1,1
1930,1,1,0,1,1
1931,1,1,0,1,1
1932,0,1,0,1,1
1933,1,0,0,1,1
1934,0,0,0,1,1
1935,0,0,0,1,1
1936,0,0,0,1,1
1937,0,0,0,1,1
1938,0,1,0,1,1
1939,0,0,0,1,1
1940,0,1,0,1,1
1941,0,1,0,1,1
1942,0,0,0,1,1
1943,0,1,0,1,1
1944,0,0,0,1,1
1945,0,0,0,1,1
1946,0,0,0,1,1
1947,0,0,0,1,1
1948,0,0,0,1,1
1949,0,0,0,1,1
1950,0,0,0,1,1
1951,0,0,0,1,1
1952,0,0,0,1,1
1953,0,0,0,1,1
1954,0,0,1,1,1
1955,0,0,0,1,1
1956,0,0,0,1,1
1957,0,0,0,1,1
1958,0,0,0,1,1
1959,0,0,0,1,1
1960,0,0,1,1,1
1961,0,0,0,1,1
1962,0,0,0,1,1
1963,0,0,0,1,1
1964,0,0,0,1,1
1965,0,0,0,1,1
1966,0,0,0,1,1
1967,0,0,0,1,1
1968,1,0,0,1,1
1969,1,0,0,1,1
1970,0,0,0,1,1
1971,0,0,0,1,1
1972,1,0,0,1,1
1973,1,0,0,1,1
1974,0,0,0,1,1
1975,0,0,0,1,1
1976,0,0,1,1,1
1977,0,0,0,1,1
1978,0,1,0,1,1
1979,0,0,0,1,1
1980,0,1,0,1,1
1981,0,1,0,1,1
1982,0,0,0,1,1
1983,1,1,0,1,1
1984,1,1,0,1,1
1985,0,1,0,1,1
1986,1,0,0,1,1
1987,0,0,0,1,1
1988,0,0,0,1,1
1989,0,0,0,1,1
1990,0,1,0,1,1
1991,0,1,0,1,1
1992,0,1,0,1,1
1993,0,1,0,1,1
1994,0,1,0,1,1
1995,0,1,0,1,1
1996,0,1,0,1,1
1997,0,1,0,1,1
1998,0,1,0,1,1
1999,0,1,0,1,1
2000,0,1,0,1,1
2001,0,1,0,1,1
2002,0,1,0,1,1
2003,0,1,0,1,1
2004,0,1,0,1,1
2005,0,1,0,1,1
2006,0,1,0,1,1
2007,0,1,1,1,1
2008,0,1,0,1,1
2009,0,1,0,1,1
2010,0,1,0,1,1
2011,0,1,0,1,1
2012,0,1,0,1,1
2013,0,1,1,1,1
2014,0,1,0,1,1
2015,0,1,0,1,1
2016,0,1,0,1,1
2017,0,1,0,1,1
2018,0,1,0,1,1
2019,0,1,0,1,1
2020,0,1,0,1,1
2021,1,1,0,1,1
2022,1,1,0,1,1
2023,0,1,0,1,1
2024,0,0,0,1,1
2025,1,0,0,1,1
2026,1,0,0,1,1
2027,0,0,0,1,1
2028,0,0,0,1,1
2029,0,0,1,1,1
2030,0,0,0,1,1
2031,0,1,0,1,1
2032,0,0,0,1,1
2033,0,1,0,1,1
2034,0,1,0,1,1
2035,0,1,0,1,1
2036,1,0,0,1,1
2037,1,0,0,1,1
2038,0,0,0,1,1
2039,1,0,0,1,1
2040,0,0,0,1,1
2041,0,0,0,1,1
2042,0,0,1,1,1
2043,0,1,0,1,1
2044,0,1,0,1,1
2045,0,0,0,1,1
2046,0,0,0,1,1
2047,0,1,0,1,1
2048,0,0,0,1,1
2049,0,1,0,1,1
2050,0,0,0,1,1
2051,0,1,0,1,1
2052,0,0,0,1,1
2053,0,1,0,1,1
2054,0,1,0,1,1
2055,0,1,0,1,1
2056,0,1,0,1,1
2057,0,1,0,1,1
2058,0,1,0,1,1
2059,0,1,0,1,1
2060,0,0,0,1,1
2061,0,0,0,1,1
2062,0,1,0,1,1
2063,0,1,0,1,1
2064,0,0,0,1,1
2065,0,0,0,1,1
2066,0,0,0,1,1
2067,0,0,0,1,1
2068,0,1,0,1,1
2069,0,1,0,1,1
2070,0,1,0,1,1
2071,0,1,0,1,1
2072,0,1,0,1,1
2073,0,0,0,1,1
2074,1,1,0,1,1
2075,1,1,0,1,1
2076,0,1,0,1,1
2077,0,0,0,1,1
2078,1,0,0,1,1
2079,1,0,0,1,1
2080,0,0,0,1,1
2081,0,0,0,1,1
2082,0,0,1,1,1
2083,0,0,0,1,1
2084,0,1,0,1,1
2085,0,0,0,1,1
2086,0,1,0,1,1
2087,0,1,0,1,1
2088,0,1,0,1,1
2089,1,0,0,1,1
2090,1,0,0,1,1
2091,0,0,0,1,1
2092,1,0,0,1,1
2093,0,0,0,1,1
2094,0,0,0,1,1
2095,0,0,0,1,1
2096,0,0,0,1,1
2097,0,0,0,1,1
2098,0,0,0,1,1
2099,0,0,0,1,1
2100,0,0,0,1,1
2101,0,0,0,1,1
2102,0,0,0,1,1
2103,0,0,0,1,1
2104,0,0,0,1,1
2105,0,0,0,1,1
2106,0,0,0,1,1
2107,0,0,0,1,1
2108,0,0,0,1,1
2109,0,0,0,1,1
2110,0,0,0,1,1
2111,0,0,0,1,1
2112,0,0,0,1,1
2113,0,0,0,1,1
2114,0,0,0,1,1
2115,0,0,1,1,1
2116,0,0,0,1,1
2117,0,0,0,1,1
2118,0,0,0,1,1
2119,0,0,0,1,1
2120,0,0,0,1,1
2121,0,0,0,1,1
2122,0,1,0,1,1
2123,0,1,0,1,1
2124,0,1,0,1,1
2125,0,0,0,1,1
2126,0,0,0,1,1
2127,1,1,0,1,1
2128,1,1,0,1,1
2129,0,1,0,1,1
2130,1,0,0,1,1
2131,0,0,0,1,1
2132,0,0,0,1,1
2133,0,1,0,1,1
2134,0,0,0,1,1
2135,0,0,0,1,1
2136,0,0,0,1,1
2137,0,0,0,1,1
2138,0,0,0,1,1
2139,0,0,0,1,1
2140,0,0,0,1,1
2141,0,0,0,1,1
2142,0,0,0,1,1
2143,0,0,0,1,1
2144,0,0,0,1,1
2145,0,0,0,1,1
2146,0,0,0,1,1
2147,0,0,0,1,1
2148,0,0,0,1,1
2149,0,1,0,1,1
2150,0,0,0,1,1
2151,0,0,0,1,1
2152,0,0,1,1,1
2153,0,0,1,1,1
2154,0,0,0,1,1
2155,0,0,0,1,1
2156,0,0,0,1,1
2157,0,0,0,1,1
2158,0,0,0,1,1
2159,0,1,0,1,1
2160,0,1,0,1,1
2161,0,1,0,1,1
2162,0,0,0,1,1
2163,0,0,0,1,1
2164,0,1,0,1,1
2165,1,1,0,1,1
2166,1,1,0,1,1
2167,0,1,0,1,1
2168,1,0,0,1,1
2169,0,0,0,1,1
2170,0,0,0,1,1
2171,0,0,0,1,1
2172,0,0,1,1,1
2173,0,0,0,1,1
2174,0,0,0,1,1
2175,0,0,0,1,1
2176,0,0,0,1,1
2177,0,0,0,1,1
2178,0,0,0,1,1
2179,0,0,0,1,1
2180,0,0,0,1,1
2181,0,0,0,1,1
2182,0,0,0,1,1
2183,0,0,0,1,1
2184,0,0,0,1,1
2185,0,0,0,1,1
2186,0,0,0,1,1
2187,0,0,0,1,1
2188,0,0,0,1,1
2189,0,0,0,1,1
2190,0,0,1,1,1
2191,0,0,1,1,1
2192,0,0,0,1,1
2193,0,0,0,1,1
2194,0,0,0,1,1
2195,0,0,0,1,1
2196,0,0,0,1,1
2197,0,0,0,1,1
2198,0,1,0,1,1
2199,0,1,0,1,1
2200,0,1,0,1,1
2201,0,0,0,1,1
2202,0,0,0,1,1
2203,1,1,0,1,1
2204,1,1,0,1,1
2205,0,1,0,1,1
2206,1,0,0,1,1
2207,0,0,0,1,1
2208,0,0,0,1,1
2209,0,1,0,1,1
2210,0,0,0,1,1
2211,0,0,0,1,1
2212,0,0,0,1,1
2213,0,0,0,1,1
2214,0,0,0,1,1
2215,0,0,0,1,1
2216,0,0,0,1,1
2217,0,0,0,1,1
2218,0,0,0,1,1
2219,0,0,0,1,1
2220,0,0,0,1,1
2221,0,0,0,1,1
2222,0,0,0,1,1
2223,0,0,0,1,1
2224,0,0,0,1,1
2225,0,1,0,1,1
2226,0,0,0,1,1
2227,0,0,0,1,1
2228,0,0,1,1,1
2229,0,0,1,1,1
2230,0,0,0,1,1
2231,0,0,0,1,1
2232,0,0,0,1,1
2233,0,0,0,1,1
2234,0,0,0,1,1
2235,0,1,0,1,1
2236,0,1,0,1,1
2237,0,1,0,1,1
2238,0,0,0,1,1
2239,0,0,0,1,1
2240,0,1,0,1,1
2241,1,1,0,1,1
2242,1,1,0,1,1
2243,0,1,0,1,1
2244,1,0,0,1,1
2245,0,0,0,1,1
2246,0,0,0,1,1
2247,0,0,0,1,1
2248,0,0,1,1,1
2249,0,0,0,1,1
2250,0,0,0,1,1
2251,0,0,0,1,1
2252,0,0,0,1,1
2253,0,0,0,1,1
2254,0,0,0,1,1
2255,0,0,0,1,1
2256,0,0,0,1,1
2257,0,0,0,1,1
2258,0,0,0,1,1
2259,0,0,0,1,1
2260,0,0,0,1,1
2261,0,0,0,1,1
2262,0,0,0,1,1
2263,0,0,0,1,1
2264,0,0,0,1,1
2265,0,0,0,1,1
2266,0,0,1,1,1
2267,0,0,1,1,1
2268,0,0,0,1,1
2269,0,0,0,1,1
2270,0,0,0,1,1
2271,0,0,0,1,1
2272,0,0,0,1,1
2273,0,0,0,1,1
2274,0,1,0,1,1
2275,0,1,0,1,1
2276,0,1,0,1,1
2277,0,0,0,1,1
2278,0,0,0,1,1
2279,1,1,0,1,1
2280,1,1,0,1,1
2281,0,1,0,1,1
2282,1,0,0,1,1
2283,0,0,0,1,1
2284,0,0,0,1,1
2285,0,1,0,1,1
2286,0,0,0,1,1
2287,0,0,0,1,1
2288,0,0,0,1,1
2289,0,0,0,1,1
2290,0,0,0,1,1
2291,0,0,0,1,1
2292,0,0,0,1,1
2293,0,0,0,1,1
2294,0,0,0,1,1
2295,0,0,0,1,1
2296,0,0,0,1,1
2297,0,0,0,1,1
2298,0,0,0,1,1
2299,0,0,0,1,1
2300,0,0,0,1,1
2301,0,1,0,1,1
2302,0,0,0,1,1
2303,0,0,0,1,1
2304,0,0,1,1,1
2305,0,0,1,1,1
2306,0,0,0,1,1
2307,0,0,0,1,1
2308,0,0,0,1,1
2309,0,0,0,1,1
2310,0,0,0,1,1
2311,0,1,0,1,1
2312,0,1,0,1,1
2313,0,1,0,1,1
2314,0,0,0,1,1
2315,0,0,0,1,1
2316,0,1,0,1,1
2317,1,1,0,1,1
2318,1,1,0,1,1
2319,0,1,0,1,1
2320,1,0,0,1,1
2321,0,0,0,1,1
2322,0,0,0,1,1
2323,0,0,0,1,1
2324,0,0,1,1,1
2325,0,0,0,1,1
2326,0,0,0,1,1
2327,0,0,0,1,1
2328,0,0,0,1,1
2329,0,0,0,1,1
2330,0,0,0,1,1
2331,0,0,0,1,1
2332,0,0,0,1,1
2333,0,0,0,1,1
2334,0,0,0,1,1
2335,0,0,0,1,1
2336,0,0,0,1,1
2337,0,0,0,1,1
2338,0,0,0,1,1
2339,0,0,0,1,1
2340,0,0,0,1,1
2341,0,0,0,1,1
2342,0,0,1,1,1
2343,0,0,1,1,1
2344,0,0,0,1,1
2345,0,0,0,1,1
2346,0,0,0,1,1
2347,0,0,0,1,1
2348,0,0,0,1,1
2349,0,0,0,1,1
2350,0,1,0,1,1
2351,0,1,0,1,1
2352,0,1,0,1,1
2353,0,0,0,1,1
2354,0,0,0,1,1
2355,1,1,0,1,1
2356,1,1,0,1,1
2357,0,1,0,1,1
2358,1,0,0,1,1
2359,0,0,0,1,1
2360,0,0,0,1,1
2361,0,1,0,1,1
2362,0,0,0,1,1
2363,0,0,0,1,1
2364,0,0,0,1,1
2365,0,0,0,1,1
2366,0,0,0,1,1
2367,0,0,0,1,1
2368,0,0,0,1,1
2369,0,0,0,1,1
2370,0,0,0,1,1
2371,0,0,0,1,1
2372,0,0,0,1,1
2373,0,0,0,1,1
2374,0,0,0,1,1
2375,0,0,0,1,1
2376,0,0,0,1,1
2377,0,1,0,1,1
2378,0,0,0,1,1
2379,0,0,0,1,1
2380,0,0,1,1,1
2381,0,0,1,1,1
2382,0,0,0,1,1
2383,0,0,0,1,1
2384,0,0,0,1,1
2385,0,0,0,1,1
2386,0,0,0,1,1
2387,0,1,0,1,1
2388,0,1,0,1,1
2389,0,1,0,1,1
2390,0,0,0,1,1
2391,0,0,0,1,1
2392,0,1,0,1,1
2393,1,1,0,1,1
2394,1,1,0,1,1
2395,0,1,0,1,1
2396,0,0,0,1,1
2397,1,0,0,1,1
2398,1,0,0,1,1
2399,0,0,0,1,1
2400,0,0,0,1,1
2401,0,0,1,1,1
2402,0,0,0,1,1
2403,0,1,0,1,1
2404,0,0,0,1,1
2405,0,1,0,1,1
2406,0,1,0,1,1
2407,0,0,0,1,1
2408,1,1,0,1,1
2409,1,1,0,1,1
2410,0,1,0,1,1
2411,1,0,0,1,1
2412,0,0,0,1,1
2413,0,0,0,1,1
2414,0,0,0,1,1
2415,0,0,1,1,1
2416,0,0,1,1,1
2417,0,0,1,1,1
2418,0,0,1,1,1
2419,0,0,1,1,1
2420,0,0,1,1,1
2421,0,0,1,1,1
2422,0,0,1,1,1
2423,0,0,1,1,1
2424,0,0,1,1,1
2425,0,0,1,1,1
2426,0,0,1,1,1
2427,0,0,1,1,1
2428,0,0,1,1,1
2429,0,0,1,1,1
2430,0,0,1,1,1
2431,0,0,1,1,1
2432,0,0,1,1,1
2433,0,0,1,1,1
2434,0,0,1,1,1
2435,0,0,1,1,1
2436,0,0,1,1,1
2437,0,0,1,1,1
2438,0,0,1,1,1
2439,0,0,1,1,1
2440,0,0,1,1,1
2441,0,0,1,1,1
2442,0,0,1,1,1
2443,0,0,1,1,1
2444,0,0,1,1,1
2445,0,0,1,1,1
2446,1,1,0,1,1
2447,1,1,0,1,1
2448,0,1,0,1,1
2449,0,0,0,1,1
2450,1,0,0,1,1
2451,1,0,0,1,1
2452,0,0,0,1,1
2453,0,0,0,1,1
2454,0,0,1,1,1
2455,0,0,0,1,1
2456,0,1,0,1,1
2457,0,0,0,1,1
2458,0,1,0,1,1
2459,0,1,0,1,1
2460,0,1,0,1,1
2461,1,0,0,1,1
2462,1,0,0,1,1
2463,0,0,0,1,1
2464,1,0,0,1,1
2465,0,0,0,1,1
2466,0,0,0,1,1
2467,0,0,0,1,1
2468,0,1,1,1,1
2469,0,1,0,1,1
2470,0,0,0,1,1
2471,0,0,0,1,1
2472,0,1,0,1,1
2473,0,0,0,1,1
2474,0,1,0,1,1
2475,0,0,0,1,1
2476,0,1,0,1,1
2477,0,0,0,1,1
2478,0,1,0,1,1
2479,0,1,0,1,1
2480,0,1,0,1,1
2481,0,1,0,1,1
2482,0,1,0,1,1
2483,0,1,0,1,1
2484,0,1,0,1,1
2485,0,0,0,1,1
2486,0,0,1,1,1
2487,0,1,1,1,1
2488,0,0,0,1,1
2489,0,0,0,1,1
2490,0,0,0,1,1
2491,0,0,0,1,1
2492,0,0,0,1,1
2493,0,1,0,1,1
2494,0,1,0,1,1
2495,0,1,0,1,1
2496,0,1,0,1,1
2497,0,1,0,1,1
2498,0,0,0,1,1
2499,1,1,0,1,1
2500,1,1,0,1,1
2501,0,1,0,1,1
2502,0,0,0,1,1
2503,1,0,0,1,1
2504,1,0,0,1,1
2505,0,0,0,1,1
2506,0,0,0,1,1
2507,0,0,1,1,1
2508,0,0,0,1,1
2509,0,1,0,1,1
2510,0,0,0,1,1
2511,0,1,0,1,1
2512,0,1,0,1,1
2513,0,0,0,1,1
2514,1,1,0,1,1
2515,1,1,0,1,1
2516,0,1,0,1,1
2517,1,0,0,1,1
2518,0,0,0,1,1
2519,0,0,0,1,1
2520,0,0,0,1,1
2521,0,0,0,1,1
2522,0,0,0,1,1
2523,0,0,0,1,1
2524,0,0,0,1,1
2525,0,0,0,1,1
2526,0,0,0,1,1
2527,0,0,0,1,1
2528,0,0,0,1,1
2529,0,0,0,1,1
2530,0,0,0,1,1
2531,0,0,0,1,1
2532,0,0,0,1,1
2533,0,0,0,1,1
2534,0,0,0,1,1
2535,0,0,0,1,1
2536,0,0,0,1,1
2537,0,0,0,1,1
2538,0,1,0,1,1
2539,0,0,0,1,1
2540,0,0,0,1,1
2541,0,0,0,1,1
2542,0,0,0,1,1
2543,0,0,0,1,1
2544,0,1,0,1,1
2545,0,0,0,1,1
2546,0,0,0,1,1
2547,0,0,0,1,1
2548,0,0,0,1,1
2549,0,0,0,1,1
2550,0,0,0,1,1
2551,0,0,0,1,1
2552,1,1,0,1,1
2553,1,1,0,1,1
2554,0,1,0,1,1
2555,0,0,0,1,1
2556,1,0,0,1,1
2557,1,0,0,1,1
2558,0,0,0,1,1
2559,0,0,0,1,1
2560,0,0,1,1,1
2561,0,0,0,1,1
2562,0,1,0,1,1
2563,0,0,0,1,1
2564,0,1,0,1,1
2565,0,1,0,1,1
2566,0,1,0,1,1
2567,1,0,0,1,1
2568,1,0,0,1,1
2569,0,0,0,1,1
2570,1,0,0,1,1
2571,0,0,0,1,1
2572,0,0,0,1,1
2573,0,0,0,1,1
2574,0,1,0,1,1
2575,0,1,0,1,1
2576,0,0,0,1,1
2577,0,0,0,1,1
2578,0,1,0,1,1
2579,0,0,0,1,1
2580,0,1,0,1,1
2581,0,0,0,1,1
2582,0,1,0,1,1
2583,0,0,0,1,1
2584,0,1,0,1,1
2585,0,1,0,1,1
2586,0,1,0,1,1
2587,0,1,0,1,1
2588,0,1,0,1,1
2589,0,1,0,1,1
2590,0,1,0,1,1
2591,0,0,0,1,1
2592,0,0,1,1,1
2593,0,1,1,1,1
2594,0,1,0,1,1
2595,0,0,0,1,1
2596,0,0,0,1,1
2597,0,0,0,1,1
2598,0,0,0,1,1
2599,0,1,0,1,1
2600,0,1,0,1,1
2601,0,1,0,1,1
2602,0,1,0,1,1
2603,0,1,0,1,1
2604,0,0,0,1,1
2605,1,1,0,1,1
2606,1,1,0,1,1
2607,0,1,0,1,1
2608,0,0,0,1,1
2609,1,0,0,1,1
2610,1,0,0,1,1
2611,0,0,0,1,1
2612,0,0,0,1,1
2613,0,0,1,1,1
2614,0,0,0,1,1
2615,0,1,0,1,1
2616,0,0,0,1,1
2617,0,1,0,1,1
2618,0,1,0,1,1
2619,0,1,0,1,1
2620,1,0,0,1,1
2621,1,0,0,1,1
2622,0,0,0,1,1
2623,1,0,0,1,1
2624,0,0,0,1,1
2625,0,0,0,1,1
2626,0,0,0,1,1
2627,0,0,1,1,1
2628,0,1,0,1,1
2629,0,1,0,1,1
2630,0,0,0,1,1
2631,0,1,0,1,1
2632,0,0,0,1,1
2633,0,0,0,1,1
2634,0,1,0,1,1
2635,0,0,0,1,1
2636,0,0,0,1,1
2637,0,0,0,1,1
2638,0,0,0,1,1
2639,0,0,0,1,1
2640,0,0,0,1,1
2641,0,0,0,1,1
2642,0,0,0,1,1
2643,0,0,0,1,1
2644,0,0,0,1,1
2645,0,0,1,1,1
2646,0,0,1,1,1
2647,0,0,0,1,1
2648,0,0,0,1,1
2649,0,0,0,1,1
2650,0,0,0,1,1
2651,0,0,0,1,1
2652,0,1,0,1,1
2653,0,1,0,1,1
2654,0,0,0,1,1
2655,0,0,0,1,1
2656,0,1,0,1,1
2657,0,0,0,1,1
2658,1,1,0,1,1
2659,1,1,0,1,1
2660,0,1,0,1,1
2661,0,0,0,1,1
2662,1,0,0,1,1
2663,1,0,0,1,1
2664,0,0,0,1,1
2665,0,0,0,1,1
2666,0,0,1,1,1
2667,0,0,0,1,1
2668,0,1,0,1,1
2669,0,0,0,1,1
2670,0,1,0,1,1
2671,0,1,0,1,1
2672,0,1,0,1,1
2673,1,0,0,1,1
2674,1,0,0,1,1
2675,0,0,0,1,1
2676,1,0,0,1,1
2677,0,0,0,1,1
2678,0,0,0,1,1
2679,0,0,0,1,1
2680,0,1,0,1,1
2681,0,1,0,1,1
2682,0,0,0,1,1
2683,0,0,0,1,1
2684,0,1,0,1,1
2685,0,0,0,1,1
2686,0,1,0,1,1
2687,0,1,0,1,1
2688,0,1,0,1,1
2689,0,0,0,1,1
2690,0,1,0,1,1
2691,0,1,0,1,1
2692,0,1,0,1,1
2693,0,1,0,1,1
2694,0,1,0,1,1
2695,0,1,0,1,1
2696,0,1,0,1,1
2697,0,0,0,1,1
2698,0,0,1,1,1
2699,0,1,1,1,1
2700,0,1,0,1,1
2701,0,0,0,1,1
2702,0,0,0,1,1
2703,0,0,0,1,1
2704,0,0,0,1,1
2705,0,1,0,1,1
2706,0,1,0,1,1
2707,0,1,0,1,1
2708,0,1,0,1,1
2709,0,1,0,1,1
2710,1,0,0,1,1
2711,0,0,0,1,1
2712,1,0,0,1,1
2713,0,0,0,1,1
2714,1,1,0,1,1
2715,1,1,0,1,1
2716,0,1,0,1,1
2717,1,0,0,1,1
2718,0,0,0,1,1
2719,0,0,0,1,1
2720,0,0,1,1,1
2721,0,1,0,1,1
2722,0,1,0,1,1
2723,0,0,0,1,1
2724,0,0,0,1,1
2725,0,1,0,1,1
2726,0,0,0,1,1
2727,0,1,0,1,1
2728,0,1,0,1,1
2729,0,1,0,1,1
2730,0,0,0,1,1
2731,0,1,0,1,1
2732,0,1,0,1,1
2733,0,1,0,1,1
2734,0,1,0,1,1
2735,0,1,0,1,1
2736,0,1,0,1,1
2737,0,1,0,1,1
2738,0,0,0,1,1
2739,0,0,0,1,1
2740,0,1,0,1,1
2741,0,1,0,1,1
2742,0,0,0,1,1
2743,0,0,0,1,1
2744,0,0,0,1,1
2745,0,0,0,1,1
2746,0,1,0,1,1
2747,0,1,0,1,1
2748,0,1,0,1,1
2749,0,1,0,1,1
2750,0,1,0,1,1
2751,1,0,0,1,1
2752,0,0,0,1,1
2753,1,0,0,1,1
2754,0,0,0,1,1
2755,1,1,0,1,1
2756,1,1,0,1,1
2757,0,1,0,1,1
2758,0,0,0,1,1
2759,1,0,0,1,1
2760,1,0,0,1,1
2761,0,0,0,1,1
2762,0,0,0,1,1
2763,0,0,1,1,1
2764,0,0,0,1,1
2765,0,1,0,1,1
2766,0,0,0,1,1
2767,0,1,0,1,1
2768,0,1,0,1,1
2769,0,0,0,1,1
2770,1,1,0,1,1
2771,1,1,0,1,1
2772,0,1,0,1,1
2773,1,0,0,1,1
2774,0,0,0,1,1
2775,0,0,0,1,1
2776,0,0,0,1,1
2777,0,0,1,1,1
2778,0,1,1,1,1
2779,0,0,1,1,1
2780,0,1,1,1,1
2781,0,1,1,1,1
2782,0,0,1,1,1
2783,0,1,1,1,1
2784,0,0,1,1,1
2785,0,0,1,1,1
2786,0,0,1,1,1
2787,0,0,1,1,1
2788,0,0,1,1,1
2789,0,0,1,1,1
2790,0,0,1,1,1
2791,0,0,1,1,1
2792,0,0,1,1,1
2793,0,0,1,1,1
2794,0,0,1,1,1
2795,0,0,1,1,1
2796,0,0,1,1,1
2797,0,0,1,1,1
2798,0,0,1,1,1
2799,0,0,1,1,1
2800,0,0,1,1,1
2801,0,0,1,1,1
2802,0,0,1,1,1
2803,0,0,1,1,1
2804,0,0,1,1,1
2805,0,0,1,1,1
2806,0,0,1,1,1
2807,0,0,1,1,1
2808,1,0,0,1,1
2809,1,0,0,1,1
2810,0,0,0,1,1
2811,0,0,0,1,1
2812,1,0,0,1,1
2813,1,0,0,1,1
2814,0,0,0,1,1
2815,0,0,0,1,1
2816,0,0,1,1,1
2817,0,0,0,1,1
2818,0,1,0,1,1
2819,0,0,0,1,1
2820,0,1,0,1,1
2821,0,1,0,1,1
2822,0,0,0,1,1
2823,1,1,0,1,1
2824,1,1,0,1,1
2825,0,1,0,1,1
2826,1,0,0,1,1
2827,0,0,0,1,1
2828,0,0,0,1,1
2829,0,0,0,1,1
2830,0,0,1,1,1
2831,0,0,1,1,1
2832,0,0,1,1,1
2833,0,0,1,1,1
2834,0,0,1,1,1
2835,0,0,1,1,1
2836,0,0,1,1,1
2837,0,0,1,1,1
2838,0,0,1,1,1
2839,0,0,1,1,1
2840,0,0,1,1,1
2841,0,0,1,1,1
2842,0,0,1,1,1
2843,0,0,1,1,1
2844,0,0,1,1,1
2845,0,0,1,1,1
2846,0,0,1,1,1
2847,0,0,1,1,1
2848,0,0,1,1,1
2849,0,0,1,1,1
2850,0,0,1,1,1
2851,0,0,1,1,1
2852,0,0,1,1,1
2853,0,0,1,1,1
2854,0,0,1,1,1
2855,0,0,1,1,1
2856,0,0,1,1,1
2857,0,0,1,1,1
2858,0,0,1,1,1
2859,0,0,1,1,1
2860,0,0,1,1,1
2861,1,1,0,1,1
2862,1,1,0,1,1
2863,0,1,0,1,1
2864,0,0,0,1,1
2865,1,0,0,1,1
2866,1,0,0,1,1
2867,0,0,0,1,1
2868,0,0,0,1,1
2869,0,0,1,1,1
2870,0,0,0,1,1
2871,0,1,0,1,1
2872,0,0,0,1,1
2873,0,1,0,1,1
2874,0,1,0,1,1
2875,0,1,0,1,1
2876,1,0,0,1,1
2877,1,0,0,1,1
2878,0,0,0,1,1
2879,1,0,0,1,1
2880,0,0,0,1,1
2881,0,0,0,1,1
2882,0,0,1,1,1
2883,0,1,0,1,1
2884,0,1,0,1,1
2885,0,0,0,1,1
2886,0,0,0,1,1
2887,0,1,0,1,1
2888,0,0,0,1,1
2889,0,1,0,1,1
2890,0,0,0,1,1
2891,0,1,0,1,1
2892,0,0,0,1,1
2893,0,1,0,1,1
2894,0,1,0,1,1
2895,0,1,0,1,1
2896,0,1,0,1,1
2897,0,1,0,1,1
2898,0,1,0,1,1
2899,0,1,0,1,1
2900,0,0,0,1,1
2901,0,0,0,1,1
2902,0,1,0,1,1
2903,0,1,0,1,1
2904,0,0,0,1,1
2905,0,0,0,1,1
2906,0,0,0,1,1
2907,0,0,0,1,1
2908,0,1,0,1,1
2909,0,1,0,1,1
2910,0,1,0,1,1
2911,0,1,0,1,1
2912,0,1,0,1,1
2913,0,0,0,1,1
2914,1,1,0,1,1
2915,1,1,0,1,1
2916,0,1,0,1,1
2917,0,0,0,1,1
2918,1,0,0,1,1
2919,1,0,0,1,1
2920,0,0,0,1,1
2921,0,0,0,1,1
2922,0,0,1,1,1
2923,0,0,0,1,1
2924,0,1,0,1,1
2925,0,0,0,1,1
2926,0,1,0,1,1
2927,0,1,0,1,1
2928,0,1,0,1,1
2929,1,0,0,1,1
2930,1,0,0,1,1
2931,0,0,0,1,1
2932,1,0,0,1,1
2933,0,0,0,1,1
2934,0,0,0,1,1
2935,0,0,0,1,1
2936,0,0,0,1,1
2937,0,1,0,1,1
2938,0,0,0,1,1
2939,0,0,0,1,1
2940,0,1,0,1,1
2941,0,0,0,1,1
2942,0,0,0,1,1
2943,0,1,0,1,1
2944,0,0,0,1,1
2945,0,0,0,1,1
2946,0,0,0,1,1
2947,0,0,0,1,1
2948,0,0,0,1,1
2949,0,0,0,1,1
2950,0,0,0,1,1
2951,0,0,0,1,1
2952,0,0,0,1,1
2953,0,0,0,1,1
2954,0,0,0,1,1
2955,0,0,1,1,1
2956,0,1,0,1,1
2957,0,0,0,1,1
2958,0,0,0,1,1
2959,0,0,0,1,1
2960,0,0,0,1,1
2961,0,1,0,1,1
2962,0,1,0,1,1
2963,0,1,0,1,1
2964,0,1,0,1,1
2965,0,1,0,1,1
2966,0,0,0,1,1
2967,1,1,0,1,1
2968,1,1,0,1,1
2969,0,1,0,1,1
2970,0,0,0,1,1
2971,1,0,0,1,1
2972,1,0,0,1,1
2973,0,0,0,1,1
2974,0,0,0,1,1
2975,0,0,1,1,1
2976,0,0,0,1,1
2977,0,1,0,1,1
2978,0,0,0,1,1
2979,0,1,0,1,1
2980,0,1,0,1,1
2981,0,0,0,1,1
2982,1,1,0,1,1
2983,1,1,0,1,1
2984,0,1,0,1,1
2985,1,0,0,1,1
2986,0,0,0,1,1
2987,0,0,0,1,1
2988,0,0,0,1,1
2989,0,1,0,1,1
2990,0,1,0,1,1
2991,0,1,0,1,1
2992,0,1,0,1,1
2993,0,1,0,1,1
2994,0,1,0,1,1
2995,0,1,0,1,1
2996,0,1,0,1,1
2997,0,1,0,1,1
2998,0,1,0,1,1
2999,0,1,0,1,1
3000,0,1,0,1,1
3001,0,1,0,1,1
3002,0,1,0,1,1
3003,0,1,0,1,1
3004,0,1,0,1,1
3005,0,1,0,1,1
3006,0,1,0,1,1
3007,0,1,0,1,1
3008,0,1,0,1,1
3009,0,1,0,1,1
3010,0,1,0,1,1
3011,0,1,0,1,1
3012,0,1,0,1,1
3013,0,1,0,1,1
3014,0,1,0,1,1
3015,0,1,0,1,1
3016,0,1,0,1,1
3017,0,1,0,1,1
3018,0,1,0,1,1
3019,0,1,0,1,1
3020,1,1,0,1,1
3021,1,1,0,1,1
3022,0,1,0,1,1
3023,0,0,0,1,1
3024,1,0,0,1,1
3025,1,0,0,1,1
3026,0,0,0,1,1
3027,0,0,0,1,1
3028,0,0,1,1,1
3029,0,0,0,1,1
3030,0,1,0,1,1
3031,0,0,0,1,1
3032,0,1,0,1,1
3033,0,1,0,1,1
3034,0,1,0,1,1
3035,1,0,0,1,1
3036,1,0,0,1,1
3037,0,0,0,1,1
3038,1,0,0,1,1
3039,0,0,0,1,1
3040,0,0,0,1,1
3041,0,0,0,1,1
3042,0,1,0,1,1
3043,0,1,0,1,1
3044,0,0,0,1,1
3045,0,0,0,1,1
3046,0,1,0,1,1
3047,0,0,0,1,1
3048,0,1,0,1,1
3049,0,0,0,1,1
3050,0,1,0,1,1
3051,0,0,0,1,1
3052,0,1,0,1,1
3053,0,1,0,1,1
3054,0,1,0,1,1
3055,0,1,0,1,1
3056,0,1,0,1,1
3057,0,1,0,1,1
3058,0,1,0,1,1
3059,0,0,0,1,1
3060,0,0,1,1,1
3061,0,1,1,1,1
3062,0,1,0,1,1
3063,0,0,0,1,1
3064,0,0,0,1,1
3065,0,0,0,1,1
3066,0,0,0,1,1
3067,0,1,0,1,1
3068,0,1,0,1,1
3069,0,1,0,1,1
3070,0,1,0,1,1
3071,0,1,0,1,1
3072,0,0,0,1,1
3073,1,1,0,1,1
3074,1,1,0,1,1
3075,0,1,0,1,1
3076,0,0,0,1,1
3077,1,0,0,1,1
3078,1,0,0,1,1
3079,0,0,0,1,1
3080,0,0,0,1,1
3081,0,0,1,1,1
3082,0,0,0,1,1
3083,0,1,0,1,1
3084,0,0,0,1,1
3085,0,1,0,1,1
3086,0,1,0,1,1
3087,0,1,0,1,1
3088,1,0,0,1,1
3089,1,0,0,1,1
3090,0,0,0,1,1
3091,1,0,0,1,1
3092,0,0,0,1,1
3093,0,0,0,1,1
3094,0,0,0,1,1
3095,0,1,1,1,1
3096,0,1,0,1,1
3097,0,0,0,1,1
3098,0,0,0,1,1
3099,0,1,0,1,1
3100,0,0,0,1,1
3101,0,1,0,1,1
3102,0,1,0,1,1
3103,0,1,0,1,1
3104,0,0,0,1,1
3105,0,1,0,1,1
3106,0,1,0,1,1
3107,0,1,0,1,1
3108,0,1,0,1,1
3109,0,1,0,1,1
3110,0,1,0,1,1
3111,0,1,0,1,1
3112,0,0,0,1,1
3113,0,0,1,1,1
3114,0,1,1,1,1
3115,0,1,0,1,1
3116,0,0,0,1,1
3117,0,0,0,1,1
3118,0,0,0,1,1
3119,0,0,0,1,1
3120,0,1,0,1,1
3121,0,1,0,1,1
3122,0,1,0,1,1
3123,0,1,0,1,1
3124,0,1,0,1,1
3125,1,0,0,1,1
3126,0,0,0,1,1
3127,1,0,0,1,1
3128,0,0,0,1,1
3129,1,0,0,1,1
3130,1,0,0,1,1
3131,0,0,0,1,1
3132,1,0,0,1,1
3133,0,0,0,1,1
3134,0,0,0,1,1
3135,0,0,1,1,1
3136,0,1,1,1,1
3137,0,1,0,1,1
3138,0,0,0,1,1
3139,0,0,0,1,1
3140,0,1,0,1,1
3141,0,0,0,1,1
3142,0,1,0,1,1
3143,0,1,0,1,1
3144,0,1,0,1,1
3145,0,0,0,1,1
3146,0,1,0,1,1
3147,0,1,0,1,1
3148,0,1,0,1,1
3149,0,1,0,1,1
3150,0,1,0,1,1
3151,0,1,0,1,1
3152,0,1,0,1,1
3153,0,0,0,1,1
3154,0,0,0,1,1
3155,0,1,0,1,1
3156,0,1,0,1,1
3157,0,0,0,1,1
3158,0,0,0,1,1
3159,0,0,0,1,1
3160,0,0,0,1,1
3161,0,1,0,1,1
3162,0,1,0,1,1
3163,0,1,0,1,1
3164,0,1,0,1,1
3165,0,1,0,1,1
3166,1,0,0,1,1
3167,0,0,0,1,1
3168,1,0,0,1,1
3169,0,0,0,1,1
3170,1,0,0,1,1
3171,1,0,0,1,1
3172,0,0,0,1,1
3173,1,0,0,1,1
3174,0,0,0,1,1
3175,0,0,0,1,1
3176,0,0,1,1,1
3177,0,1,1,1,1
3178,0,1,0,1,1
3179,0,0,0,1,1
3180,0,0,0,1,1
3181,0,1,0,1,1
3182,0,0,0,1,1
3183,0,1,0,1,1
3184,0,1,0,1,1
3185,0,1,0,1,1
3186,0,0,0,1,1
3187,0,1,0,1,1
3188,0,1,0,1,1
3189,0,1,0,1,1
3190,0,1,0,1,1
3191,0,1,0,1,1
3192,0,1,0,1,1
3193,0,1,0,1,1
3194,0,0,0,1,1
3195,0,0,0,1,1
3196,0,1,0,1,1
3197,0,1,0,1,1
3198,0,0,0,1,1
3199,0,0,0,1,1
3200,0,0,0,1,1
3201,0,0,0,1,1
3202,0,1,0,1,1
3203,0,1,0,1,1
3204,0,1,0,1,1
3205,0,1,0,1,1
3206,0,1,0,1,1
3207,0,0,0,1,1
3208,1,1,0,1,1
3209,1,1,0,1,1
3210,0,1,0,1,1
3211,1,0,0,1,1
3212,0,0,0,1,1
3213,0,0,0,1,1
3214,0,0,0,1,1
3215,0,1,0,1,1
3216,0,1,0,1,1
3217,0,0,0,1,1
3218,0,0,0,1,1
3219,0,1,0,1,1
3220,0,0,0,1,1
3221,0,1,0,1,1
3222,0,1,0,1,1
3223,0,1,0,1,1
3224,0,0,0,1,1
3225,0,1,0,1,1
3226,0,1,0,1,1
3227,0,1,0,1,1
3228,0,1,0,1,1
3229,0,1,0,1,1
3230,0,1,0,1,1
3231,0,1,0,1,1
3232,0,0,0,1,1
3233,0,0,0,1,1
3234,0,1,1,1,1
3235,0,1,0,1,1
3236,0,0,0,1,1
3237,0,0,0,1,1
3238,0,0,0,1,1
3239,0,0,0,1,1
3240,0,1,0,1,1
3241,0,1,0,1,1
3242,0,1,0,1,1
3243,0,1,0,1,1
3244,0,1,0,1,1
3245,1,0,0,1,1
3246,0,0,0,1,1
3247,1,0,0,1,1
3248,0,0,0,1,1
3249,1,1,0,1,1
3250,1,1,0,1,1
3251,0,1,0,1,1
3252,1,0,0,1,1
3253,0,0,0,1,1
3254,0,0,0,1,1
3255,0,0,1,1,1
3256,0,1,0,1,1
3257,0,1,0,1,1
3258,0,0,0,1,1
3259,0,0,0,1,1
3260,0,1,0,1,1
3261,0,0,0,1,1
3262,0,1,0,1,1
3263,0,1,0,1,1
3264,0,1,0,1,1
3265,0,0,0,1,1
3266,0,1,0,1,1
3267,0,1,0,1,1
3268,0,1,0,1,1
3269,0,1,0,1,1
3270,0,1,0,1,1
3271,0,1,0,1,1
3272,0,1,0,1,1
3273,0,0,0,1,1
3274,0,0,0,1,1
3275,0,1,0,1,1
3276,0,1,0,1,1
3277,0,0,0,1,1
3278,0,0,0,1,1
3279,0,0,0,1,1
3280,0,0,0,1,1
3281,0,1,0,1,1
3282,0,1,0,1,1
3283,0,1,0,1,1
3284,0,1,0,1,1
3285,0,1,0,1,1
3286,1,0,0,1,1
3287,0,0,0,1,1
3288,1,0,0,1,1
3289,0,0,0,1,1
3290,1,1,0,1,1
3291,1,1,0,1,1
3292,0,1,0,1,1
3293,0,0,0,1,1
3294,1,0,0,1,1
3295,1,0,0,1,1
3296,0,0,0,1,1
3297,0,0,0,1,1
3298,0,0,1,1,1
3299,0,0,0,1,1
3300,0,1,0,1,1
3301,0,0,0,1,1
3302,0,1,0,1,1
3303,0,1,0,1,1
3304,0,0,0,1,1
3305,1,1,0,1,1
3306,1,1,0,1,1
3307,0,1,0,1,1
3308,1,0,0,1,1
3309,0,0,0,1,1
3310,0,0,0,1,1
3311,0,0,0,1,1
3312,0,0,0,1,1
3313,0,1,0,1,1
3314,0,0,0,1,1
3315,0,1,0,1,1
3316,0,1,0,1,1
3317,0,0,0,1,1
3318,0,1,0,1,1
3319,0,0,0,1,1
3320,0,0,0,1,1
3321,0,0,0,1,1
3322,0,0,0,1,1
3323,0,0,0,1,1
3324,0,0,0,1,1
3325,0,0,0,1,1
3326,0,0,0,1,1
3327,0,0,0,1,1
3328,0,0,0,1,1
3329,0,0,0,1,1
3330,0,0,0,1,1
3331,0,0,0,1,1
3332,0,0,0,1,1
3333,0,0,0,1,1
3334,0,0,0,1,1
3335,0,0,0,1,1
3336,0,0,0,1,1
3337,0,0,0,1,1
3338,0,0,0,1,1
3339,0,0,0,1,1
3340,0,0,0,1,1
3341,0,0,0,1,1
3342,0,0,0,1,1
3343,1,0,0,1,1
3344,1,0,0,1,1
3345,0,0,0,1,1
3346,0,0,0,1,1
3347,1,0,0,1,1
3348,1,0,0,1,1
3349,0,0,0,1,1
3350,0,0,0,1,1
3351,0,0,1,1,1
3352,0,0,0,1,1
3353,0,1,0,1,1
3354,0,0,0,1,1
3355,0,1,0,1,1
3356,0,1,0,1,1
3357,0,0,0,1,1
3358,1,1,0,1,1
3359,1,1,0,1,1
3360,0,1,0,1,1
3361,1,0,0,1,1
3362,0,0,0,1,1
3363,0,0,0,1,1
3364,0,0,0,1,1
3365,0,0,0,1,1
3366,0,0,0,1,1
3367,0,0,0,1,1
3368,0,0,0,1,1
3369,0,0,0,1,1
3370,0,0,0,1,1
3371,0,0,0,1,1
3372,0,0,0,1,1
3373,0,0,0,1,1
3374,0,0,0,1,1
3375,0,0,0,1,1
3376,0,0,0,1,1
3377,0,0,0,1,1
3378,0,0,0,1,1
3379,0,0,0,1,1
3380,0,0,0,1,1
3381,0,0,0,1,1
3382,0,1,0,1,1
3383,0,0,0,1,1
3384,0,0,0,1,1
3385,0,0,0,1,1
3386,0,1,0,1,1
3387,0,0,0,1,1
3388,0,1,0,1,1
3389,0,0,0,1,1
3390,0,0,0,1,1
3391,0,0,0,1,1
3392,0,0,0,1,1
3393,0,0,0,1,1
3394,0,0,0,1,1
3395,0,0,0,1,1
3396,1,1,0,1,1
3397,1,1,0,1,1
3398,0,1,0,1,1
3399,0,0,0,1,1
3400,1,0,0,1,1
3401,1,0,0,1,1
3402,0,0,0,1,1
3403,0,0,0,1,1
3404,0,0,1,1,1
3405,0,0,0,1,1
3406,0,1,0,1,1
3407,0,0,0,1,1
3408,0,1,0,1,1
3409,0,1,0,1,1
3410,0,1,0,1,1
3411,1,0,0,1,1
3412,1,0,0,1,1
3413,0,0,0,1,1
3414,1,0,0,1,1
3415,0,0,0,1,1
3416,0,0,0,1,1
3417,0,0,1,1,1
3418,0,1,0,1,1
3419,0,1,0,1,1
3420,0,0,0,1,1
3421,0,0,0,1,1
3422,0,1,0,1,1
3423,0,0,0,1,1
3424,0,1,0,1,1
3425,0,0,0,1,1
3426,0,1,0,1,1
3427,0,0,0,1,1
3428,0,1,0,1,1
3429,0,1,0,1,1
3430,0,1,0,1,1
3431,0,1,0,1,1
3432,0,1,0,1,1
3433,0,1,0,1,1
3434,0,1,0,1,1
3435,0,0,0,1,1
3436,0,0,0,1,1
3437,0,1,0,1,1
3438,0,1,0,1,1
3439,0,0,0,1,1
3440,0,0,0,1,1
3441,0,0,0,1,1
3442,0,0,0,1,1
3443,0,1,0,1,1
3444,0,1,0,1,1
3445,0,1,0,1,1
3446,0,1,0,1,1
3447,0,1,0,1,1
3448,0,0,0,1,1
3449,1,1,0,1,1
3450,1,1,0,1,1
3451,0,1,0,1,1
3452,0,0,0,1,1
3453,1,0,0,1,1
3454,1,0,0,1,1
3455,0,0,0,1,1
3456,0,0,0,1,1
3457,0,0,1,1,1
3458,0,0,0,1,1
3459,0,1,0,1,1
3460,0,0,0,1,1
3461,0,1,0,1,1
3462,0,1,0,1,1
3463,0,1,0,1,1
3464,1,0,0,1,1
3465,1,0,0,1,1
3466,0,0,0,1,1
3467,1,0,0,1,1
3468,0,0,0,1,1
3469,0,0,0,1,1
3470,0,0,0,1,1
3471,0,1,0,1,1
3472,0,1,0,1,1
3473,0,0,0,1,1
3474,0,0,0,1,1
3475,0,1,0,1,1
3476,0,0,0,1,1
3477,0,1,0,1,1
3478,0,1,0,1,1
3479,0,1,0,1,1
3480,0,0,0,1,1
3481,0,1,0,1,1
3482,0,0,0,1,1
3483,0,1,0,1,1
3484,0,1,0,1,1
3485,0,1,0,1,1
3486,0,0,0,1,1
3487,0,1,0,1,1
3488,0,0,0,1,1
3489,0,0,0,1,1
3490,0,1,1,1,1
3491,0,1,0,1,1
3492,0,0,0,1,1
3493,0,0,0,1,1
3494,0,0,0,1,1
3495,0,0,0,1,1
3496,0,1,0,1,1
3497,0,1,0,1,1
3498,0,1,0,1,1
3499,0,1,0,1,1
3500,0,1,0,1,1
3501,0,0,0,1,1
3502,1,1,0,1,1
3503,1,1,0,1,1
3504,0,1,0,1,1
3505,0,0,0,1,1
3506,1,0,0,1,1
3507,1,0,0,1,1
3508,0,0,0,1,1
3509,0,0,0,1,1
3510,0,0,1,1,1
3511,0,0,0,1,1
3512,0,1,0,1,1
3513,0,0,0,1,1
3514,0,1,0,1,1
3515,0,1,0,1,1
3516,0,0,0,1,1
3517,1,1,0,1,1
3518,1,1,0,1,1
3519,0,1,0,1,1
3520,1,0,0,1,1
3521,0,0,0,1,1
3522,0,0,0,1,1
3523,0,0,0,1,1
3524,0,0,0,1,1
3525,0,0,0,1,1
3526,0,0,0,1,1
3527,0,0,0,1,1
3528,0,0,0,1,1
3529,0,0,0,1,1
3530,0,0,0,1,1
3531,0,0,0,1,1
3532,0,0,0,1,1
3533,0,0,0,1,1
3534,0,0,0,1,1
3535,0,0,0,1,1
3536,0,0,0,1,1
3537,0,0,0,1,1
3538,0,0,0,1,1
3539,0,0,0,1,1
3540,0,0,0,1,1
3541,0,0,1,1,1
3542,0,0,0,1,1
3543,0,0,0,1,1
3544,0,0,0,1,1
3545,0,0,1,1,1
3546,0,0,0,1,1
3547,0,0,1,1,1
3548,0,0,0,1,1
3549,0,0,0,1,1
3550,0,0,0,1,1
3551,0,0,0,1,1
3552,0,0,0,1,1
3553,0,0,0,1,1
3554,0,0,0,1,1
3555,1,1,0,1,1
3556,1,1,0,1,1
3557,0,1,0,1,1
3558,0,0,0,1,1
3559,1,0,0,1,1
3560,1,0,0,1,1
3561,0,0,0,1,1
3562,0,0,0,1,1
3563,0,0,1,1,1
3564,0,0,0,1,1
3565,0,1,0,1,1
3566,0,0,0,1,1
3567,0,1,0,1,1
3568,0,1,0,1,1
3569,0,1,0,1,1
3570,1,0,0,1,1
3571,1,0,0,1,1
3572,0,0,0,1,1
3573,1,0,0,1,1
3574,0,0,0,1,1
3575,0,0,0,1,1
3576,0,0,0,1,1
3577,0,1,0,1,1
3578,0,1,0,1,1
3579,0,0,0,1,1
3580,0,0,0,1,1
3581,0,1,0,1,1
3582,0,0,0,1,1
3583,0,1,0,1,1
3584,0,0,0,1,1
3585,0,1,0,1,1
3586,0,0,0,1,1
3587,0,1,0,1,1
3588,0,1,0,1,1
3589,0,1,0,1,1
3590,0,1,0,1,1
3591,0,1,0,1,1
3592,0,1,0,1,1
3593,0,1,0,1,1
3594,0,0,0,1,1
3595,0,0,1,1,1
3596,0,1,1,1,1
3597,0,1,0,1,1
3598,0,0,0,1,1
3599,0,0,0,1,1
3600,0,0,0,1,1
3601,0,0,0,1,1
3602,0,1,0,1,1
3603,0,1,0,1,1
3604,0,1,0,1,1
3605,0,1,0,1,1
3606,0,1,0,1,1
3607,0,0,0,1,1
3608,1,1,0,1,1
3609,1,1,0,1,1
3610,0,1,0,1,1
3611,0,0,0,1,1
3612,1,0,0,1,1
3613,1,0,0,1,1
3614,0,0,0,1,1
3615,0,0,0,1,1
3616,0,0,1,1,1
3617,0,0,0,1,1
3618,0,1,0,1,1
3619,0,0,0,1,1
3620,0,1,0,1,1
3621,0,1,0,1,1
3622,0,0,0,1,1
3623,1,1,0,1,1
3624,1,1,0,1,1
3625,0,1,0,1,1
3626,1,0,0,1,1
3627,0,0,0,1,1
3628,0,0,0,1,1
3629,0,0,0,1,1
3630,0,0,0,1,1
3631,0,0,0,1,1
3632,0,0,0,1,1
3633,0,0,0,1,1
3634,0,0,0,1,1
3635,0,0,0,1,1
3636,0,0,0,1,1
3637,0,0,0,1,1
3638,0,0,0,1,1
3639,0,0,0,1,1
3640,0,0,0,1,1
3641,0,0,0,1,1
3642,0,0,0,1,1
3643,0,0,0,1,1
3644,0,0,0,1,1
3645,0,0,0,1,1
3646,0,0,0,1,1
3647,0,0,0,1,1
3648,0,0,0,1,1
3649,0,0,0,1,1
3650,0,0,0,1,1
3651,0,0,0,1,1
3652,0,0,0,1,1
3653,0,0,0,1,1
3654,0,0,0,1,1
3655,0,0,0,1,1
3656,0,0,0,1,1
3657,0,0,0,1,1
3658,0,0,0,1,1
3659,0,0,0,1,1
3660,0,0,0,1,1
3661,1,1,0,1,1
3662,1,1,0,1,1
3663,0,1,0,1,1
3664,0,0,0,1,1
3665,1,0,0,1,1
3666,1,0,0,1,1
3667,0,0,0,1,1
3668,0,0,0,1,1
3669,0,0,1,1,1
3670,0,0,0,1,1
3671,0,1,0,1,1
3672,0,0,0,1,1
3673,0,1,0,1,1
3674,0,1,0,1,1
3675,0,1,0,1,1
3676,1,0,0,1,1
3677,1,0,0,1,1
3678,0,0,0,1,1
3679,1,0,0,1,1
3680,0,0,0,1,1
3681,0,0,0,1,1
3682,0,0,0,1,1
3683,0,1,1,1,1
3684,0,1,0,1,1
3685,0,0,0,1,1
3686,0,0,0,1,1
3687,0,1,0,1,1
3688,0,0,0,1,1
3689,0,1,0,1,1
3690,0,0,0,1,1
3691,0,1,0,1,1
3692,0,0,0,1,1
3693,0,1,0,1,1
3694,0,1,0,1,1
3695,0,1,0,1,1
3696,0,1,0,1,1
3697,0,1,0,1,1
3698,0,1,0,1,1
3699,0,1,0,1,1
3700,0,0,0,1,1
3701,0,0,1,1,1
3702,0,1,1,1,1
3703,0,0,0,1,1
3704,0,0,0,1,1
3705,0,0,0,1,1
3706,0,0,0,1,1
3707,0,0,0,1,1
3708,0,1,0,1,1
3709,0,1,0,1,1
3710,0,1,0,1,1
3711,0,1,0,1,1
3712,0,1,0,1,1
3713,0,0,0,1,1
3714,1,1,0,1,1
3715,1,1,0,1,1
3716,0,1,0,1,1
3717,0,0,0,1,1
3718,1,0,0,1,1
3719,1,0,0,1,1
3720,0,0,0,1,1
3721,0,0,0,1,1
3722,0,0,1,1,1
3723,0,0,0,1,1
3724,0,1,0,1,1
3725,0,0,0,1,1
3726,0,1,0,1,1
3727,0,1,0,1,1
3728,0,0,0,1,1
3729,1,1,0,1,1
3730,1,1,0,1,1
3731,0,1,0,1,1
3732,1,0,0,1,1
3733,0,0,0,1,1
3734,0,0,0,1,1
3735,0,0,0,1,1
3736,0,0,0,1,1
3737,0,0,0,1,1
3738,0,0,0,1,1
3739,0,0,0,1,1
3740,0,0,0,1,1
3741,0,0,0,1,1
3742,0,0,0,1,1
3743,0,0,0,1,1
3744,0,0,0,1,1
3745,0,0,0,1,1
3746,0,0,0,1,1
3747,0,0,0,1,1
3748,0,0,0,1,1
3749,0,0,0,1,1
3750,0,0,0,1,1
3751,0,0,0,1,1
3752,0,0,0,1,1
3753,0,1,0,1,1
3754,0,0,0,1,1
3755,0,0,0,1,1
3756,0,0,0,1,1
3757,0,1,0,1,1
3758,0,0,0,1,1
3759,0,1,0,1,1
3760,0,0,0,1,1
3761,0,0,0,1,1
3762,0,0,0,1,1
3763,0,0,0,1,1
3764,0,0,0,1,1
3765,0,0,0,1,1
3766,0,0,0,1,1
3767,1,1,0,1,1
3768,1,1,0,1,1
3769,0,1,0,1,1
3770,0,0,0,1,1
3771,1,0,0,1,1
3772,1,0,0,1,1
3773,0,0,0,1,1
3774,0,0,0,1,1
3775,0,0,1,1,1
3776,0,0,0,1,1
3777,0,1,0,1,1
3778,0,0,0,1,1
3779,0,1,0,1,1
3780,0,1,0,1,1
3781,0,1,0,1,1
3782,1,0,0,1,1
3783,1,0,0,1,1
3784,0,0,0,1,1
3785,1,0,0,1,1
3786,0,0,0,1,1
3787,0,0,0,1,1
3788,0,0,0,1,1
3789,0,1,0,1,1
3790,0,1,0,1,1
3791,0,0,0,1,1
3792,0,0,0,1,1
3793,0,1,0,1,1
3794,0,0,0,1,1
3795,0,1,0,1,1
3796,0,0,0,1,1
3797,0,1,0,1,1
3798,0,0,0,1,1
3799,0,1,0,1,1
3800,0,1,0,1,1
3801,0,1,0,1,1
3802,0,1,0,1,1
3803,0,1,0,1,1
3804,0,1,0,1,1
3805,0,1,0,1,1
3806,0,0,0,1,1
3807,0,0,1,1,1
3808,0,1,1,1,1
3809,0,1,0,1,1
3810,0,0,0,1,1
3811,0,0,0,1,1
3812,0,0,0,1,1
3813,0,0,0,1,1
3814,0,1,0,1,1
3815,0,1,0,1,1
3816,0,1,0,1,1
3817,0,1,0,1,1
3818,0,1,0,1,1
3819,0,0,0,1,1
3820,1,1,0,1,1
3821,1,1,0,1,1
3822,0,1,0,1,1
3823,0,0,0,1,1
3824,1,0,0,1,1
3825,1,0,0,1,1
3826,0,0,0,1,1
3827,0,0,0,1,1
3828,0,0,1,1,1
3829,0,0,0,1,1
3830,0,1,0,1,1
3831,0,0,0,1,1
3832,0,1,0,1,1
3833,0,0,0,1,1
3834,0,1,0,1,1
3835,1,0,0,1,1
3836,1,0,0,1,1
3837,0,0,0,1,1
3838,1,0,0,1,1
3839,0,0,0,1,1
3840,0,0,0,1,1
3841,0,0,0,1,1
3842,0,0,1,1,1
3843,0,1,0,1,1
3844,0,0,0,1,1
3845,0,1,0,1,1
3846,0,0,0,1,1
3847,0,1,0,1,1
3848,0,0,0,1,1
3849,0,0,0,1,1
3850,0,0,0,1,1
3851,0,0,0,1,1
3852,0,0,0,1,1
3853,0,0,0,1,1
3854,0,0,0,1,1
3855,0,0,0,1,1
3856,0,0,0,1,1
3857,0,0,0,1,1
3858,0,0,0,1,1
3859,0,0,0,1,1
3860,0,0,1,1,1
3861,0,0,1,1,1
3862,0,0,0,1,1
3863,0,0,0,1,1
3864,0,0,0,1,1
3865,0,0,0,1,1
3866,0,0,0,1,1
3867,0,0,0,1,1
3868,0,0,0,1,1
3869,0,0,0,1,1
3870,0,0,0,1,1
3871,0,0,0,1,1
3872,0,0,0,1,1
3873,1,0,0,1,1
3874,1,0,0,1,1
3875,0,0,0,1,1
3876,0,0,0,1,1
3877,1,0,0,1,1
3878,1,0,0,1,1
3879,0,0,0,1,1
3880,0,0,0,1,1
3881,0,0,1,1,1
3882,0,0,0,1,1
3883,0,1,0,1,1
3884,0,0,0,1,1
3885,0,1,0,1,1
3886,0,0,0,1,1
3887,0,1,0,1,1
3888,1,0,0,1,1
3889,1,0,0,1,1
3890,0,0,0,1,1
3891,1,0,0,1,1
3892,0,0,0,1,1
3893,0,0,0,1,1
3894,0,0,1,1,1
3895,0,0,1,1,1
3896,0,1,0,1,1
3897,0,0,0,1,1
3898,0,1,0,1,1
3899,0,0,0,1,1
3900,0,1,0,1,1
3901,0,0,0,1,1
3902,0,0,0,1,1
3903,0,0,0,1,1
3904,0,0,0,1,1
3905,0,0,0,1,1
3906,0,0,0,1,1
3907,0,0,0,1,1
3908,0,0,0,1,1
3909,0,0,0,1,1
3910,0,0,0,1,1
3911,0,0,0,1,1
3912,0,0,0,1,1
3913,0,0,0,1,1
3914,0,0,0,1,1
3915,0,0,0,1,1
3916,0,0,0,1,1
3917,0,0,0,1,1
3918,0,0,0,1,1
3919,0,0,0,1,1
3920,0,0,0,1,1
3921,0,0,0,1,1
3922,0,0,0,1,1
3923,0,0,0,1,1
3924,0,0,0,1,1
3925,0,0,0,1,1
3926,1,0,0,1,1
3927,1,0,0,1,1
3928,0,0,0,1,1
